,Pearson_r,Spearman_rho,Abs_Pearson
trips,1.0,1.0,1.0
active_drivers,0.9038357485825184,0.9753550173227103,0.9038357485825184
zone_dow_hour_mean_trips,0.7632289572556277,0.842206194647006,0.7632289572556277
zone_hour_mean_trips,0.699335462874339,0.7894630495599676,0.699335462874339
avg_wait_min,0.4336228610433779,0.602963169715754,0.4336228610433779
hour,0.4321837622994445,0.5539343318835594,0.4321837622994445
hour_sin,-0.41384240157392965,-0.540530192613042,0.41384240157392965
humidity_pct,-0.21948252454532485,-0.32683263137315977,0.21948252454532485
hour_cos,-0.13228673271960747,-0.21984435564879046,0.13228673271960747
temp_c,0.12974695924899726,0.39250545290016836,0.12974695924899726
rain_class,0.12303867943874819,0.16105479083798005,0.12303867943874819
is_weekend,-0.05940975160685,-0.053969328891178656,0.05940975160685
is_event_active,-0.029406010079738545,-0.02294029396552868,0.029406010079738545
avg_fare_birr,0.006429503206112686,0.07141335096241223,0.006429503206112686
wind_kmh,-0.005601270920535023,-0.008435067735781742,0.005601270920535023
rain_mm,-0.0005098373606477516,0.15395368920831595,0.0005098373606477516
