row_id,predicted_trips
TEST-00001,26.02
TEST-00002,11.13
TEST-00003,7.92
TEST-00004,6.03
TEST-00005,6.36
TEST-00006,6.23
TEST-00007,6.83
TEST-00008,7.45
TEST-00009,13.38
TEST-00010,32.08
TEST-00011,63.32
TEST-00012,56.03
TEST-00013,42.87
TEST-00014,46.72
TEST-00015,30.28
TEST-00016,33.18
TEST-00017,34.75
TEST-00018,36.88
TEST-00019,32.67
TEST-00020,40.8
TEST-00021,60.76
TEST-00022,70.54
TEST-00023,72.41
TEST-00024,34.1
TEST-00025,17.18
TEST-00026,10.71
TEST-00027,7.33
TEST-00028,8.36
TEST-00029,7.44
TEST-00030,7.36
TEST-00031,7.26
TEST-00032,7.84
TEST-00033,11.16
TEST-00034,16.26
TEST-00035,16.97
TEST-00036,25.46
TEST-00037,25.06
TEST-00038,32.3
TEST-00039,33.63
TEST-00040,36.95
TEST-00041,39.96
TEST-00042,38.02
TEST-00043,39.2
TEST-00044,42.72
TEST-00045,40.04
TEST-00046,37.13
TEST-00047,30.11
TEST-00048,24.36
TEST-00049,18.9
TEST-00050,13.55
TEST-00051,10.44
TEST-00052,7.8
TEST-00053,7.35
TEST-00054,7.36
TEST-00055,7.26
TEST-00056,8.53
TEST-00057,10.55
TEST-00058,12.66
TEST-00059,17.64
TEST-00060,22.78
TEST-00061,27.6
TEST-00062,34.47
TEST-00063,36.81
TEST-00064,39.75
TEST-00065,37.12
TEST-00066,37.67
TEST-00067,40.64
TEST-00068,40.84
TEST-00069,38.12
TEST-00070,39.81
TEST-00071,31.52
TEST-00072,23.76
TEST-00073,19.98
TEST-00074,11.94
TEST-00075,9.34
TEST-00076,6.48
TEST-00077,5.92
TEST-00078,6.02
TEST-00079,5.87
TEST-00080,7.72
TEST-00081,13.47
TEST-00082,30.64
TEST-00083,51.16
TEST-00084,52.09
TEST-00085,38.99
TEST-00086,29.65
TEST-00087,29.41
TEST-00088,32.43
TEST-00089,32.36
TEST-00090,38.15
TEST-00091,33.31
TEST-00092,61.0
TEST-00093,62.04
TEST-00094,68.11
TEST-00095,56.64
TEST-00096,36.55
TEST-00097,25.32
TEST-00098,10.38
TEST-00099,7.92
TEST-00100,5.55
TEST-00101,5.5
TEST-00102,5.75
TEST-00103,5.69
TEST-00104,6.73
TEST-00105,12.31
TEST-00106,33.76
TEST-00107,51.42
TEST-00108,54.3
TEST-00109,41.23
TEST-00110,34.46
TEST-00111,29.61
TEST-00112,36.02
TEST-00113,33.2
TEST-00114,45.2
TEST-00115,31.6
TEST-00116,46.39
TEST-00117,71.2
TEST-00118,73.21
TEST-00119,47.83
TEST-00120,30.77
TEST-00121,19.73
TEST-00122,11.01
TEST-00123,8.18
TEST-00124,5.63
TEST-00125,5.48
TEST-00126,5.17
TEST-00127,5.54
TEST-00128,6.39
TEST-00129,12.25
TEST-00130,37.71
TEST-00131,50.93
TEST-00132,55.38
TEST-00133,39.62
TEST-00134,29.14
TEST-00135,29.73
TEST-00136,39.46
TEST-00137,37.92
TEST-00138,31.67
TEST-00139,43.25
TEST-00140,59.77
TEST-00141,72.37
TEST-00142,55.47
TEST-00143,28.45
TEST-00144,16.87
TEST-00145,9.18
TEST-00146,6.53
TEST-00147,5.4
TEST-00148,5.3
TEST-00149,5.35
TEST-00150,5.76
TEST-00151,6.21
TEST-00152,11.55
TEST-00153,27.75
TEST-00154,55.15
TEST-00155,50.88
TEST-00156,40.38
TEST-00157,32.15
TEST-00158,31.85
TEST-00159,33.62
TEST-00160,32.9
TEST-00161,38.8
TEST-00162,32.23
TEST-00163,41.14
TEST-00164,56.59
TEST-00165,66.96
TEST-00166,49.64
TEST-00167,32.39
TEST-00168,15.18
TEST-00169,11.55
TEST-00170,8.0
TEST-00171,5.93
TEST-00172,6.04
TEST-00173,5.76
TEST-00174,5.05
TEST-00175,4.95
TEST-00176,10.87
TEST-00177,18.35
TEST-00178,28.56
TEST-00179,28.79
TEST-00180,30.62
TEST-00181,36.51
TEST-00182,28.36
TEST-00183,29.88
TEST-00184,32.23
TEST-00185,32.83
TEST-00186,29.59
TEST-00187,35.72
TEST-00188,39.88
TEST-00189,39.42
TEST-00190,30.28
TEST-00191,19.96
TEST-00192,12.08
TEST-00193,7.82
TEST-00194,7.94
TEST-00195,7.21
TEST-00196,6.41
TEST-00197,6.49
TEST-00198,7.92
TEST-00199,9.86
TEST-00200,15.58
TEST-00201,15.99
TEST-00202,24.28
TEST-00203,24.16
TEST-00204,31.23
TEST-00205,32.96
TEST-00206,35.85
TEST-00207,39.16
TEST-00208,37.36
TEST-00209,38.44
TEST-00210,41.4
TEST-00211,39.21
TEST-00212,36.25
TEST-00213,28.79
TEST-00214,23.46
TEST-00215,17.76
TEST-00216,12.91
TEST-00217,9.02
TEST-00218,7.25
TEST-00219,6.69
TEST-00220,6.47
TEST-00221,6.81
TEST-00222,8.02
TEST-00223,9.42
TEST-00224,11.89
TEST-00225,16.88
TEST-00226,22.93
TEST-00227,27.88
TEST-00228,34.76
TEST-00229,36.71
TEST-00230,40.1
TEST-00231,37.48
TEST-00232,37.74
TEST-00233,40.57
TEST-00234,41.12
TEST-00235,38.08
TEST-00236,40.15
TEST-00237,31.98
TEST-00238,23.8
TEST-00239,20.06
TEST-00240,11.9
TEST-00241,9.02
TEST-00242,6.24
TEST-00243,5.67
TEST-00244,5.56
TEST-00245,5.57
TEST-00246,7.49
TEST-00247,12.96
TEST-00248,30.21
TEST-00249,51.59
TEST-00250,53.34
TEST-00251,39.42
TEST-00252,30.11
TEST-00253,29.58
TEST-00254,32.69
TEST-00255,32.23
TEST-00256,35.62
TEST-00257,33.01
TEST-00258,41.55
TEST-00259,54.01
TEST-00260,62.48
TEST-00261,49.95
TEST-00262,29.95
TEST-00263,14.17
TEST-00264,9.83
TEST-00265,6.97
TEST-00266,5.79
TEST-00267,5.6
TEST-00268,5.8
TEST-00269,5.84
TEST-00270,6.61
TEST-00271,12.08
TEST-00272,33.79
TEST-00273,51.61
TEST-00274,54.93
TEST-00275,41.57
TEST-00276,32.88
TEST-00277,29.06
TEST-00278,35.75
TEST-00279,33.41
TEST-00280,34.53
TEST-00281,31.28
TEST-00282,40.2
TEST-00283,56.06
TEST-00284,74.5
TEST-00285,47.61
TEST-00286,29.06
TEST-00287,14.23
TEST-00288,9.72
TEST-00289,7.74
TEST-00290,6.02
TEST-00291,5.85
TEST-00292,5.62
TEST-00293,5.67
TEST-00294,6.57
TEST-00295,12.42
TEST-00296,38.03
TEST-00297,51.74
TEST-00298,56.33
TEST-00299,40.45
TEST-00300,29.9
TEST-00301,30.22
TEST-00302,43.1
TEST-00303,57.71
TEST-00304,32.41
TEST-00305,36.98
TEST-00306,63.5
TEST-00307,61.25
TEST-00308,67.34
TEST-00309,48.55
TEST-00310,29.16
TEST-00311,16.22
TEST-00312,8.97
TEST-00313,6.35
TEST-00314,5.36
TEST-00315,5.35
TEST-00316,5.37
TEST-00317,5.94
TEST-00318,6.25
TEST-00319,11.9
TEST-00320,27.8
TEST-00321,55.07
TEST-00322,50.83
TEST-00323,39.9
TEST-00324,32.14
TEST-00325,31.72
TEST-00326,33.86
TEST-00327,32.64
TEST-00328,38.63
TEST-00329,30.77
TEST-00330,61.78
TEST-00331,56.76
TEST-00332,67.0
TEST-00333,48.74
TEST-00334,32.2
TEST-00335,14.49
TEST-00336,9.52
TEST-00337,6.55
TEST-00338,5.31
TEST-00339,5.45
TEST-00340,5.55
TEST-00341,5.89
TEST-00342,6.75
TEST-00343,12.62
TEST-00344,30.95
TEST-00345,62.58
TEST-00346,54.19
TEST-00347,41.81
TEST-00348,45.64
TEST-00349,29.11
TEST-00350,32.25
TEST-00351,33.95
TEST-00352,35.98
TEST-00353,32.1
TEST-00354,51.91
TEST-00355,62.53
TEST-00356,70.93
TEST-00357,79.28
TEST-00358,42.32
TEST-00359,16.93
TEST-00360,10.05
TEST-00361,6.66
TEST-00362,7.45
TEST-00363,6.61
TEST-00364,6.41
TEST-00365,6.48
TEST-00366,7.09
TEST-00367,10.19
TEST-00368,15.74
TEST-00369,16.16
TEST-00370,24.64
TEST-00371,24.25
TEST-00372,31.17
TEST-00373,32.68
TEST-00374,36.2
TEST-00375,39.25
TEST-00376,37.39
TEST-00377,38.36
TEST-00378,41.56
TEST-00379,39.4
TEST-00380,35.99
TEST-00381,28.78
TEST-00382,23.5
TEST-00383,17.86
TEST-00384,12.78
TEST-00385,8.96
TEST-00386,6.94
TEST-00387,6.72
TEST-00388,6.46
TEST-00389,6.8
TEST-00390,7.83
TEST-00391,9.74
TEST-00392,12.03
TEST-00393,17.12
TEST-00394,22.2
TEST-00395,27.04
TEST-00396,33.93
TEST-00397,36.64
TEST-00398,39.6
TEST-00399,36.89
TEST-00400,37.12
TEST-00401,40.52
TEST-00402,40.56
TEST-00403,37.76
TEST-00404,39.62
TEST-00405,23.62
TEST-00406,19.7
TEST-00407,11.7
TEST-00408,9.03
TEST-00409,5.96
TEST-00410,5.39
TEST-00411,5.53
TEST-00412,5.48
TEST-00413,7.2
TEST-00414,12.87
TEST-00415,29.84
TEST-00416,50.9
TEST-00417,52.35
TEST-00418,39.27
TEST-00419,29.3
TEST-00420,28.93
TEST-00421,31.9
TEST-00422,31.78
TEST-00423,35.45
TEST-00424,32.63
TEST-00425,40.72
TEST-00426,53.19
TEST-00427,60.54
TEST-00428,48.83
TEST-00429,29.83
TEST-00430,14.13
TEST-00431,9.6
TEST-00432,6.81
TEST-00433,5.5
TEST-00434,5.26
TEST-00435,5.63
TEST-00436,5.62
TEST-00437,6.54
TEST-00438,12.08
TEST-00439,33.41
TEST-00440,51.31
TEST-00441,54.63
TEST-00442,41.36
TEST-00443,32.34
TEST-00444,29.01
TEST-00445,37.79
TEST-00446,33.08
TEST-00447,36.5
TEST-00448,31.2
TEST-00449,44.91
TEST-00450,56.29
TEST-00451,72.68
TEST-00452,47.66
TEST-00453,29.06
TEST-00454,13.93
TEST-00455,9.11
TEST-00456,7.7
TEST-00457,5.71
TEST-00458,5.57
TEST-00459,5.45
TEST-00460,5.47
TEST-00461,6.62
TEST-00462,12.42
TEST-00463,38.06
TEST-00464,51.06
TEST-00465,55.42
TEST-00466,39.95
TEST-00467,29.69
TEST-00468,29.84
TEST-00469,42.71
TEST-00470,39.24
TEST-00471,33.37
TEST-00472,34.67
TEST-00473,50.13
TEST-00474,61.06
TEST-00475,66.92
TEST-00476,49.44
TEST-00477,29.8
TEST-00478,18.14
TEST-00479,9.17
TEST-00480,6.73
TEST-00481,5.48
TEST-00482,5.49
TEST-00483,5.65
TEST-00484,6.07
TEST-00485,6.25
TEST-00486,12.09
TEST-00487,28.45
TEST-00488,56.81
TEST-00489,52.47
TEST-00490,41.25
TEST-00491,33.08
TEST-00492,32.86
TEST-00493,34.31
TEST-00494,33.22
TEST-00495,38.86
TEST-00496,31.63
TEST-00497,40.37
TEST-00498,56.05
TEST-00499,66.21
TEST-00500,49.0
TEST-00501,32.22
TEST-00502,14.69
TEST-00503,9.37
TEST-00504,6.73
TEST-00505,5.4
TEST-00506,5.46
TEST-00507,5.53
TEST-00508,6.72
TEST-00509,12.68
TEST-00510,31.14
TEST-00511,62.36
TEST-00512,53.81
TEST-00513,41.87
TEST-00514,45.98
TEST-00515,29.22
TEST-00516,31.89
TEST-00517,33.68
TEST-00518,35.96
TEST-00519,31.73
TEST-00520,40.02
TEST-00521,60.34
TEST-00522,70.35
TEST-00523,72.17
TEST-00524,33.08
TEST-00525,16.75
TEST-00526,10.41
TEST-00527,6.76
TEST-00528,7.55
TEST-00529,6.86
TEST-00530,6.49
TEST-00531,6.47
TEST-00532,7.09
TEST-00533,10.34
TEST-00534,15.94
TEST-00535,16.23
TEST-00536,24.56
TEST-00537,24.43
TEST-00538,31.45
TEST-00539,32.97
TEST-00540,35.99
TEST-00541,39.44
TEST-00542,37.28
TEST-00543,38.64
TEST-00544,41.79
TEST-00545,39.53
TEST-00546,36.73
TEST-00547,28.92
TEST-00548,23.66
TEST-00549,18.04
TEST-00550,13.06
TEST-00551,9.18
TEST-00552,7.26
TEST-00553,7.0
TEST-00554,6.67
TEST-00555,6.95
TEST-00556,8.22
TEST-00557,10.13
TEST-00558,12.18
TEST-00559,17.25
TEST-00560,22.34
TEST-00561,27.49
TEST-00562,34.48
TEST-00563,36.85
TEST-00564,39.61
TEST-00565,36.95
TEST-00566,37.25
TEST-00567,40.43
TEST-00568,40.66
TEST-00569,37.87
TEST-00570,39.75
TEST-00571,31.6
TEST-00572,23.42
TEST-00573,19.83
TEST-00574,11.77
TEST-00575,8.86
TEST-00576,6.02
TEST-00577,5.35
TEST-00578,5.49
TEST-00579,5.55
TEST-00580,7.3
TEST-00581,13.27
TEST-00582,30.25
TEST-00583,51.26
TEST-00584,52.5
TEST-00585,39.2
TEST-00586,29.48
TEST-00587,29.13
TEST-00588,32.19
TEST-00589,32.11
TEST-00590,39.51
TEST-00591,41.58
TEST-00592,54.83
TEST-00593,60.42
TEST-00594,50.0
TEST-00595,29.92
TEST-00596,15.56
TEST-00597,9.72
TEST-00598,7.21
TEST-00599,5.49
TEST-00600,5.48
TEST-00601,5.69
TEST-00602,5.83
TEST-00603,6.63
TEST-00604,12.3
TEST-00605,33.51
TEST-00606,51.0
TEST-00607,54.76
TEST-00608,41.44
TEST-00609,32.61
TEST-00610,29.13
TEST-00611,35.73
TEST-00612,33.04
TEST-00613,34.57
TEST-00614,31.21
TEST-00615,39.87
TEST-00616,55.41
TEST-00617,71.68
TEST-00618,47.53
TEST-00619,29.19
TEST-00620,14.2
TEST-00621,9.48
TEST-00622,7.75
TEST-00623,5.79
TEST-00624,5.68
TEST-00625,5.33
TEST-00626,5.53
TEST-00627,6.54
TEST-00628,12.28
TEST-00629,38.34
TEST-00630,51.68
TEST-00631,56.06
TEST-00632,41.14
TEST-00633,29.94
TEST-00634,30.51
TEST-00635,40.6
TEST-00636,38.6
TEST-00637,32.33
TEST-00638,34.38
TEST-00639,49.09
TEST-00640,59.99
TEST-00641,69.19
TEST-00642,62.28
TEST-00643,29.98
TEST-00644,17.67
TEST-00645,9.41
TEST-00646,7.07
TEST-00647,6.32
TEST-00648,6.2
TEST-00649,5.76
TEST-00650,6.53
TEST-00651,6.88
TEST-00652,12.56
TEST-00653,29.07
TEST-00654,56.34
TEST-00655,52.46
TEST-00656,41.44
TEST-00657,33.78
TEST-00658,33.86
TEST-00659,35.42
TEST-00660,37.17
TEST-00661,40.79
TEST-00662,33.14
TEST-00663,53.39
TEST-00664,58.9
TEST-00665,85.21
TEST-00666,51.83
TEST-00667,43.34
TEST-00668,16.01
TEST-00669,10.82
TEST-00670,7.7
TEST-00671,6.38
TEST-00672,6.5
TEST-00673,6.2
TEST-00674,6.72
TEST-00675,7.5
TEST-00676,13.71
TEST-00677,32.86
TEST-00678,66.18
TEST-00679,57.13
TEST-00680,44.06
TEST-00681,48.19
TEST-00682,31.42
TEST-00683,34.11
TEST-00684,35.93
TEST-00685,38.03
TEST-00686,33.66
TEST-00687,42.16
TEST-00688,64.15
TEST-00689,74.05
TEST-00690,75.76
TEST-00691,35.27
TEST-00692,17.66
TEST-00693,10.91
TEST-00694,7.68
TEST-00695,8.52
TEST-00696,7.65
TEST-00697,7.42
TEST-00698,7.45
TEST-00699,8.4
TEST-00700,11.42
TEST-00701,16.72
TEST-00702,17.22
TEST-00703,26.15
TEST-00704,25.62
TEST-00705,33.22
TEST-00706,35.18
TEST-00707,38.5
TEST-00708,41.26
TEST-00709,39.58
TEST-00710,40.78
TEST-00711,43.8
TEST-00712,41.91
TEST-00713,38.3
TEST-00714,31.01
TEST-00715,24.97
TEST-00716,19.01
TEST-00717,13.89
TEST-00718,10.1
TEST-00719,8.23
TEST-00720,7.76
TEST-00721,7.55
TEST-00722,7.72
TEST-00723,9.28
TEST-00724,10.93
TEST-00725,13.09
TEST-00726,18.4
TEST-00727,23.51
TEST-00728,28.77
TEST-00729,35.65
TEST-00730,38.85
TEST-00731,41.56
TEST-00732,49.34
TEST-00733,44.52
TEST-00734,63.75
TEST-00735,43.81
TEST-00736,40.84
TEST-00737,41.68
TEST-00738,51.2
TEST-00739,39.35
TEST-00740,23.16
TEST-00741,13.61
TEST-00742,10.04
TEST-00743,6.91
TEST-00744,6.13
TEST-00745,6.14
TEST-00746,6.23
TEST-00747,7.95
TEST-00748,14.15
TEST-00749,31.73
TEST-00750,52.83
TEST-00751,54.67
TEST-00752,40.95
TEST-00753,31.31
TEST-00754,30.99
TEST-00755,33.93
TEST-00756,33.84
TEST-00757,37.18
TEST-00758,34.92
TEST-00759,42.96
TEST-00760,55.64
TEST-00761,62.84
TEST-00762,51.32
TEST-00763,31.34
TEST-00764,14.77
TEST-00765,10.52
TEST-00766,7.97
TEST-00767,6.21
TEST-00768,5.95
TEST-00769,6.21
TEST-00770,6.31
TEST-00771,7.06
TEST-00772,13.29
TEST-00773,35.56
TEST-00774,53.78
TEST-00775,57.23
TEST-00776,43.96
TEST-00777,33.78
TEST-00778,30.92
TEST-00779,42.09
TEST-00780,35.82
TEST-00781,36.85
TEST-00782,38.66
TEST-00783,42.31
TEST-00784,59.07
TEST-00785,81.84
TEST-00786,53.99
TEST-00787,30.78
TEST-00788,14.78
TEST-00789,9.95
TEST-00790,8.66
TEST-00791,6.88
TEST-00792,6.16
TEST-00793,5.76
TEST-00794,6.16
TEST-00795,7.01
TEST-00796,13.36
TEST-00797,40.11
TEST-00798,53.88
TEST-00799,57.88
TEST-00800,42.46
TEST-00801,30.77
TEST-00802,40.6
TEST-00803,42.56
TEST-00804,60.37
TEST-00805,35.62
TEST-00806,36.51
TEST-00807,52.1
TEST-00808,67.79
TEST-00809,69.79
TEST-00810,54.27
TEST-00811,35.41
TEST-00812,17.84
TEST-00813,9.75
TEST-00814,7.28
TEST-00815,5.78
TEST-00816,5.97
TEST-00817,5.51
TEST-00818,6.61
TEST-00819,7.07
TEST-00820,12.72
TEST-00821,29.45
TEST-00822,58.57
TEST-00823,53.78
TEST-00824,42.27
TEST-00825,33.44
TEST-00826,33.84
TEST-00827,35.52
TEST-00828,39.02
TEST-00829,40.96
TEST-00830,37.01
TEST-00831,43.42
TEST-00832,59.23
TEST-00833,68.82
TEST-00834,51.57
TEST-00835,33.61
TEST-00836,15.48
TEST-00837,10.0
TEST-00838,7.17
TEST-00839,5.4
TEST-00840,5.78
TEST-00841,5.51
TEST-00842,6.13
TEST-00843,7.16
TEST-00844,13.36
TEST-00845,32.38
TEST-00846,64.78
TEST-00847,56.16
TEST-00848,43.3
TEST-00849,47.8
TEST-00850,30.37
TEST-00851,33.09
TEST-00852,35.5
TEST-00853,47.44
TEST-00854,33.52
TEST-00855,48.08
TEST-00856,64.93
TEST-00857,74.49
TEST-00858,75.68
TEST-00859,34.15
TEST-00860,17.24
TEST-00861,10.38
TEST-00862,6.89
TEST-00863,8.09
TEST-00864,6.79
TEST-00865,6.63
TEST-00866,6.65
TEST-00867,7.44
TEST-00868,10.81
TEST-00869,16.7
TEST-00870,16.82
TEST-00871,25.67
TEST-00872,25.53
TEST-00873,32.53
TEST-00874,34.15
TEST-00875,37.73
TEST-00876,40.88
TEST-00877,40.74
TEST-00878,40.24
TEST-00879,43.99
TEST-00880,49.47
TEST-00881,48.57
TEST-00882,45.21
TEST-00883,25.57
TEST-00884,19.14
TEST-00885,24.06
TEST-00886,10.16
TEST-00887,8.38
TEST-00888,6.94
TEST-00889,6.82
TEST-00890,7.36
TEST-00891,8.53
TEST-00892,10.27
TEST-00893,12.76
TEST-00894,18.2
TEST-00895,23.58
TEST-00896,28.48
TEST-00897,35.83
TEST-00898,38.24
TEST-00899,41.19
TEST-00900,38.48
TEST-00901,39.04
TEST-00902,53.25
TEST-00903,44.67
TEST-00904,40.54
TEST-00905,44.58
TEST-00906,39.2
TEST-00907,25.27
TEST-00908,21.91
TEST-00909,12.0
TEST-00910,9.45
TEST-00911,6.32
TEST-00912,5.38
TEST-00913,5.36
TEST-00914,5.55
TEST-00915,7.42
TEST-00916,13.41
TEST-00917,30.6
TEST-00918,52.16
TEST-00919,54.14
TEST-00920,40.05
TEST-00921,30.17
TEST-00922,32.57
TEST-00923,34.93
TEST-00924,33.46
TEST-00925,36.73
TEST-00926,36.21
TEST-00927,44.59
TEST-00928,56.09
TEST-00929,63.25
TEST-00930,74.58
TEST-00931,31.85
TEST-00932,14.85
TEST-00933,12.42
TEST-00934,7.38
TEST-00935,5.7
TEST-00936,5.35
TEST-00937,5.97
TEST-00938,5.6
TEST-00939,6.46
TEST-00940,12.51
TEST-00941,34.04
TEST-00942,52.32
TEST-00943,55.75
TEST-00944,42.39
TEST-00945,33.28
TEST-00946,29.84
TEST-00947,37.01
TEST-00948,51.61
TEST-00949,36.23
TEST-00950,37.94
TEST-00951,42.18
TEST-00952,63.31
TEST-00953,96.03
TEST-00954,54.27
TEST-00955,30.92
TEST-00956,15.75
TEST-00957,9.8
TEST-00958,7.81
TEST-00959,5.81
TEST-00960,5.76
TEST-00961,5.53
TEST-00962,5.42
TEST-00963,6.34
TEST-00964,12.73
TEST-00965,38.36
TEST-00966,52.32
TEST-00967,57.1
TEST-00968,41.0
TEST-00969,30.01
TEST-00970,31.03
TEST-00971,41.28
TEST-00972,39.74
TEST-00973,33.19
TEST-00974,35.4
TEST-00975,64.28
TEST-00976,67.71
TEST-00977,70.03
TEST-00978,51.53
TEST-00979,30.15
TEST-00980,17.14
TEST-00981,9.41
TEST-00982,6.52
TEST-00983,5.5
TEST-00984,5.61
TEST-00985,5.37
TEST-00986,6.02
TEST-00987,6.44
TEST-00988,12.36
TEST-00989,28.47
TEST-00990,56.67
TEST-00991,52.16
TEST-00992,40.57
TEST-00993,32.83
TEST-00994,32.92
TEST-00995,40.93
TEST-00996,36.72
TEST-00997,46.79
TEST-00998,32.69
TEST-00999,46.15
TEST-01000,63.59
TEST-01001,80.27
TEST-01002,65.63
TEST-01003,33.89
TEST-01004,15.62
TEST-01005,17.59
TEST-01006,7.45
TEST-01007,5.85
TEST-01008,5.65
TEST-01009,5.63
TEST-01010,6.07
TEST-01011,7.09
TEST-01012,13.04
TEST-01013,62.95
TEST-01014,56.37
TEST-01015,43.11
TEST-01016,47.66
TEST-01017,38.21
TEST-01018,33.61
TEST-01019,35.82
TEST-01020,57.78
TEST-01021,37.17
TEST-01022,42.51
TEST-01023,89.27
TEST-01024,83.38
TEST-01025,77.84
TEST-01026,35.02
TEST-01027,17.41
TEST-01028,10.52
TEST-01029,7.21
TEST-01030,7.84
TEST-01031,6.87
TEST-01032,6.74
TEST-01033,6.74
TEST-01034,7.38
TEST-01035,10.48
TEST-01036,16.35
TEST-01037,16.81
TEST-01038,25.25
TEST-01039,25.2
TEST-01040,32.39
TEST-01041,40.2
TEST-01042,38.05
TEST-01043,41.55
TEST-01044,38.91
TEST-01045,40.37
TEST-01046,43.81
TEST-01047,47.39
TEST-01048,40.55
TEST-01049,30.46
TEST-01050,32.73
TEST-01051,23.11
TEST-01052,13.94
TEST-01053,9.84
TEST-01054,7.73
TEST-01055,7.02
TEST-01056,6.95
TEST-01057,7.0
TEST-01058,8.29
TEST-01059,10.2
TEST-01060,12.34
TEST-01061,17.72
TEST-01062,23.02
TEST-01063,28.01
TEST-01064,35.22
TEST-01065,38.22
TEST-01066,40.93
TEST-01067,49.08
TEST-01068,39.24
TEST-01069,63.31
TEST-01070,43.8
TEST-01071,43.21
TEST-01072,41.68
TEST-01073,32.97
TEST-01074,24.61
TEST-01075,20.38
TEST-01076,11.76
TEST-01077,9.04
TEST-01078,6.21
TEST-01079,5.64
TEST-01080,5.48
TEST-01081,5.5
TEST-01082,7.18
TEST-01083,13.43
TEST-01084,30.15
TEST-01085,51.41
TEST-01086,53.14
TEST-01087,39.49
TEST-01088,29.94
TEST-01089,29.8
TEST-01090,32.99
TEST-01091,32.8
TEST-01092,36.29
TEST-01093,43.51
TEST-01094,53.97
TEST-01095,59.05
TEST-01096,80.43
TEST-01097,52.03
TEST-01098,33.99
TEST-01099,14.38
TEST-01100,9.48
TEST-01101,7.07
TEST-01102,5.46
TEST-01103,5.46
TEST-01104,5.7
TEST-01105,5.64
TEST-01106,6.38
TEST-01107,12.49
TEST-01108,33.41
TEST-01109,51.44
TEST-01110,55.34
TEST-01111,41.69
TEST-01112,32.83
TEST-01113,29.55
TEST-01114,36.36
TEST-01115,39.75
TEST-01116,46.22
TEST-01117,50.91
TEST-01118,41.9
TEST-01119,58.27
TEST-01120,84.13
TEST-01121,58.91
TEST-01122,40.26
TEST-01123,14.83
TEST-01124,9.9
TEST-01125,7.73
TEST-01126,5.84
TEST-01127,5.71
TEST-01128,5.39
TEST-01129,5.4
TEST-01130,6.39
TEST-01131,12.47
TEST-01132,38.23
TEST-01133,51.69
TEST-01134,56.35
TEST-01135,40.82
TEST-01136,30.04
TEST-01137,30.79
TEST-01138,41.18
TEST-01139,39.25
TEST-01140,32.63
TEST-01141,34.85
TEST-01142,74.76
TEST-01143,66.83
TEST-01144,77.39
TEST-01145,50.44
TEST-01146,30.27
TEST-01147,17.2
TEST-01148,9.0
TEST-01149,6.58
TEST-01150,5.55
TEST-01151,5.54
TEST-01152,5.42
TEST-01153,6.09
TEST-01154,6.36
TEST-01155,12.34
TEST-01156,28.27
TEST-01157,55.95
TEST-01158,52.21
TEST-01159,40.78
TEST-01160,32.8
TEST-01161,32.88
TEST-01162,44.64
TEST-01163,44.77
TEST-01164,44.67
TEST-01165,33.25
TEST-01166,42.84
TEST-01167,58.03
TEST-01168,69.05
TEST-01169,51.53
TEST-01170,42.94
TEST-01171,17.83
TEST-01172,11.18
TEST-01173,7.05
TEST-01174,5.85
TEST-01175,5.78
TEST-01176,5.6
TEST-01177,6.21
TEST-01178,6.82
TEST-01179,13.08
TEST-01180,31.59
TEST-01181,63.83
TEST-01182,55.7
TEST-01183,42.44
TEST-01184,47.34
TEST-01185,30.12
TEST-01186,33.06
TEST-01187,40.25
TEST-01188,37.94
TEST-01189,32.77
TEST-01190,41.64
TEST-01191,63.53
TEST-01192,92.05
TEST-01193,103.57
TEST-01194,35.15
TEST-01195,18.06
TEST-01196,10.47
TEST-01197,7.02
TEST-01198,8.05
TEST-01199,6.87
TEST-01200,6.72
TEST-01201,6.59
TEST-01202,7.28
TEST-01203,10.89
TEST-01204,16.53
TEST-01205,17.0
TEST-01206,25.45
TEST-01207,25.33
TEST-01208,32.88
TEST-01209,34.63
TEST-01210,38.12
TEST-01211,52.04
TEST-01212,50.78
TEST-01213,46.92
TEST-01214,46.32
TEST-01215,42.44
TEST-01216,42.6
TEST-01217,31.03
TEST-01218,32.92
TEST-01219,19.03
TEST-01220,13.85
TEST-01221,9.52
TEST-01222,7.73
TEST-01223,7.36
TEST-01224,6.8
TEST-01225,7.31
TEST-01226,8.52
TEST-01227,10.3
TEST-01228,12.75
TEST-01229,18.13
TEST-01230,23.13
TEST-01231,28.13
TEST-01232,39.58
TEST-01233,38.48
TEST-01234,41.53
TEST-01235,38.79
TEST-01236,49.75
TEST-01237,54.58
TEST-01238,63.79
TEST-01239,40.68
TEST-01240,42.19
TEST-01241,42.24
TEST-01242,25.1
TEST-01243,22.46
TEST-01244,12.27
TEST-01245,9.48
TEST-01246,6.04
TEST-01247,5.53
TEST-01248,5.39
TEST-01249,5.74
TEST-01250,7.55
TEST-01251,13.35
TEST-01252,30.89
TEST-01253,52.13
TEST-01254,53.35
TEST-01255,39.72
TEST-01256,33.66
TEST-01257,30.14
TEST-01258,33.45
TEST-01259,33.11
TEST-01260,36.52
TEST-01261,45.01
TEST-01262,51.3
TEST-01263,72.03
TEST-01264,64.74
TEST-01265,64.58
TEST-01266,31.31
TEST-01267,14.64
TEST-01268,9.62
TEST-01269,7.28
TEST-01270,5.53
TEST-01271,5.42
TEST-01272,5.74
TEST-01273,5.69
TEST-01274,6.56
TEST-01275,12.51
TEST-01276,33.95
TEST-01277,51.94
TEST-01278,55.76
TEST-01279,41.84
TEST-01280,33.32
TEST-01281,29.93
TEST-01282,36.8
TEST-01283,34.45
TEST-01284,35.81
TEST-01285,38.35
TEST-01286,41.77
TEST-01287,58.36
TEST-01288,75.01
TEST-01289,72.08
TEST-01290,30.72
TEST-01291,14.76
TEST-01292,9.46
TEST-01293,7.76
TEST-01294,5.87
TEST-01295,5.76
TEST-01296,5.38
TEST-01297,5.41
TEST-01298,6.47
TEST-01299,12.66
TEST-01300,38.25
TEST-01301,51.85
TEST-01302,56.45
TEST-01303,41.01
TEST-01304,30.16
TEST-01305,30.88
TEST-01306,41.48
TEST-01307,39.86
TEST-01308,33.21
TEST-01309,44.67
TEST-01310,64.39
TEST-01311,62.21
TEST-01312,68.23
TEST-01313,63.73
TEST-01314,30.98
TEST-01315,20.87
TEST-01316,19.55
TEST-01317,7.64
TEST-01318,6.09
TEST-01319,5.75
TEST-01320,5.76
TEST-01321,6.56
TEST-01322,6.58
TEST-01323,12.69
TEST-01324,28.67
TEST-01325,56.48
TEST-01326,52.42
TEST-01327,41.21
TEST-01328,33.51
TEST-01329,33.33
TEST-01330,36.12
TEST-01331,34.53
TEST-01332,40.76
TEST-01333,32.58
TEST-01334,42.52
TEST-01335,58.43
TEST-01336,69.35
TEST-01337,51.72
TEST-01338,33.37
TEST-01339,15.26
TEST-01340,9.7
TEST-01341,7.0
TEST-01342,5.74
TEST-01343,6.0
TEST-01344,6.03
TEST-01345,6.49
TEST-01346,7.01
TEST-01347,13.56
TEST-01348,32.03
TEST-01349,64.57
TEST-01350,56.44
TEST-01351,43.65
TEST-01352,47.7
TEST-01353,39.0
TEST-01354,35.94
TEST-01355,36.44
TEST-01356,38.52
TEST-01357,33.46
TEST-01358,64.42
TEST-01359,75.56
TEST-01360,78.71
TEST-01361,80.61
TEST-01362,35.81
TEST-01363,17.9
TEST-01364,10.53
TEST-01365,7.3
TEST-01366,8.81
TEST-01367,7.59
TEST-01368,7.33
TEST-01369,7.5
TEST-01370,8.14
TEST-01371,11.53
TEST-01372,18.08
TEST-01373,17.85
TEST-01374,26.7
TEST-01375,26.51
TEST-01376,34.32
TEST-01377,36.18
TEST-01378,39.27
TEST-01379,43.04
TEST-01380,52.33
TEST-01381,47.24
TEST-01382,52.31
TEST-01383,40.99
TEST-01384,42.49
TEST-01385,26.69
TEST-01386,20.31
TEST-01387,14.37
TEST-01388,10.24
TEST-01389,8.18
TEST-01390,7.72
TEST-01391,7.46
TEST-01392,7.76
TEST-01393,9.41
TEST-01394,11.04
TEST-01395,13.17
TEST-01396,19.15
TEST-01397,24.25
TEST-01398,29.79
TEST-01399,37.01
TEST-01400,40.24
TEST-01401,40.62
TEST-01402,47.65
TEST-01403,53.07
TEST-01404,47.36
TEST-01405,42.32
TEST-01406,43.75
TEST-01407,34.43
TEST-01408,22.02
TEST-01409,13.54
TEST-01410,10.6
TEST-01411,7.31
TEST-01412,6.46
TEST-01413,6.57
TEST-01414,6.11
TEST-01415,7.99
TEST-01416,14.17
TEST-01417,31.9
TEST-01418,55.42
TEST-01419,41.56
TEST-01420,32.14
TEST-01421,32.26
TEST-01422,35.23
TEST-01423,35.06
TEST-01424,38.59
TEST-01425,35.78
TEST-01426,44.72
TEST-01427,58.13
TEST-01428,65.15
TEST-01429,53.7
TEST-01430,36.61
TEST-01431,16.37
TEST-01432,13.38
TEST-01433,9.33
TEST-01434,7.01
TEST-01435,6.5
TEST-01436,6.65
TEST-01437,6.79
TEST-01438,7.24
TEST-01439,13.08
TEST-01440,35.37
TEST-01441,53.85
TEST-01442,57.31
TEST-01443,35.16
TEST-01444,49.07
TEST-01445,40.59
TEST-01446,37.87
TEST-01447,37.88
TEST-01448,46.97
TEST-01449,55.46
TEST-01450,71.95
TEST-01451,96.79
TEST-01452,57.44
TEST-01453,42.16
TEST-01454,16.53
TEST-01455,11.74
TEST-01456,9.55
TEST-01457,7.8
TEST-01458,7.04
TEST-01459,6.21
TEST-01460,6.18
TEST-01461,7.23
TEST-01462,13.07
TEST-01463,40.15
TEST-01464,54.5
TEST-01465,65.79
TEST-01466,44.23
TEST-01467,32.59
TEST-01468,33.52
TEST-01469,43.82
TEST-01470,42.15
TEST-01471,35.53
TEST-01472,43.7
TEST-01473,55.08
TEST-01474,90.81
TEST-01475,73.16
TEST-01476,54.67
TEST-01477,32.25
TEST-01478,19.08
TEST-01479,10.99
TEST-01480,8.18
TEST-01481,7.13
TEST-01482,6.9
TEST-01483,6.35
TEST-01484,6.96
TEST-01485,7.51
TEST-01486,13.23
TEST-01487,30.12
TEST-01488,58.52
TEST-01489,55.32
TEST-01490,43.31
TEST-01491,35.59
TEST-01492,35.79
TEST-01493,38.21
TEST-01494,55.57
TEST-01495,44.05
TEST-01496,46.42
TEST-01497,46.02
TEST-01498,68.64
TEST-01499,76.77
TEST-01500,55.66
TEST-01501,37.89
TEST-01502,16.86
TEST-01503,11.5
TEST-01504,8.87
TEST-01505,6.75
TEST-01506,6.57
TEST-01507,6.53
TEST-01508,6.8
TEST-01509,7.79
TEST-01510,13.91
TEST-01511,33.28
TEST-01512,67.0
TEST-01513,58.03
TEST-01514,44.58
TEST-01515,49.71
TEST-01516,31.84
TEST-01517,35.31
TEST-01518,47.52
TEST-01519,40.16
TEST-01520,35.78
TEST-01521,47.04
TEST-01522,66.11
TEST-01523,94.29
TEST-01524,78.76
TEST-01525,36.37
TEST-01526,18.55
TEST-01527,11.37
TEST-01528,7.52
TEST-01529,8.69
TEST-01530,7.75
TEST-01531,7.4
TEST-01532,7.18
TEST-01533,7.97
TEST-01534,11.75
TEST-01535,17.4
TEST-01536,17.75
TEST-01537,26.7
TEST-01538,26.51
TEST-01539,34.29
TEST-01540,35.79
TEST-01541,44.84
TEST-01542,43.59
TEST-01543,41.37
TEST-01544,42.43
TEST-01545,46.29
TEST-01546,64.18
TEST-01547,46.23
TEST-01548,33.3
TEST-01549,26.7
TEST-01550,19.55
TEST-01551,14.08
TEST-01552,10.25
TEST-01553,7.64
TEST-01554,7.61
TEST-01555,7.19
TEST-01556,7.44
TEST-01557,8.74
TEST-01558,10.88
TEST-01559,13.17
TEST-01560,18.61
TEST-01561,23.99
TEST-01562,29.28
TEST-01563,38.96
TEST-01564,57.97
TEST-01565,44.14
TEST-01566,41.5
TEST-01567,40.38
TEST-01568,43.9
TEST-01569,44.45
TEST-01570,62.88
TEST-01571,35.67
TEST-01572,26.72
TEST-01573,21.43
TEST-01574,12.48
TEST-01575,9.91
TEST-01576,6.36
TEST-01577,5.93
TEST-01578,5.69
TEST-01579,5.63
TEST-01580,7.65
TEST-01581,13.44
TEST-01582,31.22
TEST-01583,53.18
TEST-01584,55.07
TEST-01585,41.1
TEST-01586,31.26
TEST-01587,39.81
TEST-01588,35.05
TEST-01589,35.33
TEST-01590,37.99
TEST-01591,45.36
TEST-01592,44.69
TEST-01593,58.41
TEST-01594,64.87
TEST-01595,52.77
TEST-01596,32.19
TEST-01597,15.16
TEST-01598,7.58
TEST-01599,6.07
TEST-01600,5.78
TEST-01601,6.07
TEST-01602,5.77
TEST-01603,12.44
TEST-01604,34.69
TEST-01605,53.27
TEST-01606,57.18
TEST-01607,43.14
TEST-01608,34.11
TEST-01609,31.16
TEST-01610,37.94
TEST-01611,35.2
TEST-01612,37.05
TEST-01613,33.48
TEST-01614,43.07
TEST-01615,58.92
TEST-01616,77.28
TEST-01617,51.28
TEST-01618,31.31
TEST-01619,18.58
TEST-01620,10.78
TEST-01621,8.83
TEST-01622,6.37
TEST-01623,6.1
TEST-01624,5.57
TEST-01625,5.93
TEST-01626,6.51
TEST-01627,12.69
TEST-01628,39.36
TEST-01629,53.25
TEST-01630,58.19
TEST-01631,42.25
TEST-01632,31.47
TEST-01633,32.13
TEST-01634,43.94
TEST-01635,42.32
TEST-01636,33.93
TEST-01637,37.6
TEST-01638,61.43
TEST-01639,78.22
TEST-01640,85.33
TEST-01641,52.6
TEST-01642,31.96
TEST-01643,18.1
TEST-01644,11.38
TEST-01645,7.29
TEST-01646,5.91
TEST-01647,5.7
TEST-01648,5.63
TEST-01649,6.44
TEST-01650,6.48
TEST-01651,12.68
TEST-01652,29.2
TEST-01653,57.83
TEST-01654,53.63
TEST-01655,42.14
TEST-01656,34.53
TEST-01657,34.28
TEST-01658,36.43
TEST-01659,35.24
TEST-01660,41.24
TEST-01661,33.79
TEST-01662,43.44
TEST-01663,62.33
TEST-01664,74.68
TEST-01665,52.9
TEST-01666,34.4
TEST-01667,15.87
TEST-01668,10.35
TEST-01669,7.23
TEST-01670,5.72
TEST-01671,6.25
TEST-01672,5.64
TEST-01673,6.26
TEST-01674,6.96
TEST-01675,13.29
TEST-01676,32.65
TEST-01677,65.06
TEST-01678,57.06
TEST-01679,43.68
TEST-01680,48.71
TEST-01681,31.23
TEST-01682,34.23
TEST-01683,36.02
TEST-01684,38.17
TEST-01685,33.99
TEST-01686,43.01
TEST-01687,64.7
TEST-01688,74.84
TEST-01689,76.54
TEST-01690,36.51
TEST-01691,18.6
TEST-01692,11.55
TEST-01693,7.6
TEST-01694,8.39
TEST-01695,7.41
TEST-01696,7.04
TEST-01697,7.01
TEST-01698,7.59
TEST-01699,11.23
TEST-01700,16.85
TEST-01701,26.17
TEST-01702,26.03
TEST-01703,34.03
TEST-01704,35.8
TEST-01705,42.47
TEST-01706,43.33
TEST-01707,47.82
TEST-01708,43.38
TEST-01709,58.76
TEST-01710,44.61
TEST-01711,43.21
TEST-01712,42.52
TEST-01713,41.53
TEST-01714,21.92
TEST-01715,14.43
TEST-01716,10.45
TEST-01717,7.62
TEST-01718,7.23
TEST-01719,6.92
TEST-01720,7.2
TEST-01721,8.56
TEST-01722,10.2
TEST-01723,13.12
TEST-01724,18.43
TEST-01725,23.79
TEST-01726,29.09
TEST-01727,36.24
TEST-01728,39.11
TEST-01729,42.11
TEST-01730,39.32
TEST-01731,39.91
TEST-01732,43.67
TEST-01733,43.76
TEST-01734,47.8
TEST-01735,43.47
TEST-01736,34.3
TEST-01737,25.11
TEST-01738,28.01
TEST-01739,12.64
TEST-01740,10.31
TEST-01741,6.14
TEST-01742,5.82
TEST-01743,5.54
TEST-01744,5.61
TEST-01745,7.63
TEST-01746,13.85
TEST-01747,31.39
TEST-01748,53.05
TEST-01749,54.93
TEST-01750,40.79
TEST-01751,31.43
TEST-01752,33.64
TEST-01753,34.82
TEST-01754,34.13
TEST-01755,37.39
TEST-01756,34.94
TEST-01757,43.8
TEST-01758,57.03
TEST-01759,65.04
TEST-01760,52.65
TEST-01761,38.33
TEST-01762,15.39
TEST-01763,15.89
TEST-01764,8.07
TEST-01765,6.03
TEST-01766,5.8
TEST-01767,6.01
TEST-01768,5.92
TEST-01769,6.81
TEST-01770,12.92
TEST-01771,35.23
TEST-01772,54.38
TEST-01773,58.42
TEST-01774,43.96
TEST-01775,34.59
TEST-01776,31.75
TEST-01777,50.3
TEST-01778,51.14
TEST-01779,40.23
TEST-01780,34.58
TEST-01781,45.44
TEST-01782,60.66
TEST-01783,96.59
TEST-01784,52.42
TEST-01785,32.21
TEST-01786,14.83
TEST-01787,9.72
TEST-01788,8.01
TEST-01789,6.05
TEST-01790,6.2
TEST-01791,5.94
TEST-01792,5.66
TEST-01793,6.95
TEST-01794,12.84
TEST-01795,39.55
TEST-01796,53.46
TEST-01797,58.33
TEST-01798,42.61
TEST-01799,31.29
TEST-01800,32.32
TEST-01801,42.56
TEST-01802,40.66
TEST-01803,34.27
TEST-01804,41.19
TEST-01805,53.29
TEST-01806,78.85
TEST-01807,71.35
TEST-01808,51.23
TEST-01809,31.17
TEST-01810,17.68
TEST-01811,9.53
TEST-01812,6.78
TEST-01813,5.67
TEST-01814,5.88
TEST-01815,5.66
TEST-01816,6.58
TEST-01817,6.87
TEST-01818,12.67
TEST-01819,29.39
TEST-01820,57.6
TEST-01821,54.0
TEST-01822,42.2
TEST-01823,34.2
TEST-01824,33.89
TEST-01825,36.43
TEST-01826,34.93
TEST-01827,61.72
TEST-01828,35.33
TEST-01829,45.09
TEST-01830,75.19
TEST-01831,71.16
TEST-01832,52.92
TEST-01833,35.99
TEST-01834,15.72
TEST-01835,9.87
TEST-01836,7.18
TEST-01837,5.7
TEST-01838,5.97
TEST-01839,5.83
TEST-01840,6.46
TEST-01841,7.05
TEST-01842,13.4
TEST-01843,32.43
TEST-01844,65.28
TEST-01845,57.25
TEST-01846,44.15
TEST-01847,48.93
TEST-01848,31.26
TEST-01849,34.32
TEST-01850,47.27
TEST-01851,39.46
TEST-01852,34.67
TEST-01853,51.03
TEST-01854,66.44
TEST-01855,93.99
TEST-01856,101.42
TEST-01857,36.84
TEST-01858,18.56
TEST-01859,10.82
TEST-01860,7.18
TEST-01861,8.11
TEST-01862,7.07
TEST-01863,6.92
TEST-01864,6.86
TEST-01865,7.54
TEST-01866,11.17
TEST-01867,17.15
TEST-01868,17.36
TEST-01869,26.1
TEST-01870,26.41
TEST-01871,33.65
TEST-01872,35.43
TEST-01873,39.07
TEST-01874,48.57
TEST-01875,43.38
TEST-01876,42.02
TEST-01877,53.31
TEST-01878,46.48
TEST-01879,43.84
TEST-01880,38.93
TEST-01881,26.26
TEST-01882,19.78
TEST-01883,13.85
TEST-01884,9.8
TEST-01885,7.6
TEST-01886,7.27
TEST-01887,6.99
TEST-01888,7.27
TEST-01889,8.95
TEST-01890,10.55
TEST-01891,12.82
TEST-01892,18.48
TEST-01893,23.87
TEST-01894,29.3
TEST-01895,36.6
TEST-01896,39.48
TEST-01897,42.17
TEST-01898,39.66
TEST-01899,50.3
TEST-01900,44.37
TEST-01901,44.68
TEST-01902,46.95
TEST-01903,54.64
TEST-01904,36.38
TEST-01905,29.6
TEST-01906,21.51
TEST-01907,12.74
TEST-01908,9.41
TEST-01909,6.1
TEST-01910,5.87
TEST-01911,5.85
TEST-01912,5.71
TEST-01913,7.54
TEST-01914,13.76
TEST-01915,31.5
TEST-01916,53.38
TEST-01917,55.13
TEST-01918,41.29
TEST-01919,31.19
TEST-01920,30.82
TEST-01921,34.09
TEST-01922,34.11
TEST-01923,44.57
TEST-01924,35.19
TEST-01925,44.51
TEST-01926,67.75
TEST-01927,66.09
TEST-01928,79.32
TEST-01929,32.98
TEST-01930,16.99
TEST-01931,10.12
TEST-01932,7.47
TEST-01933,5.79
TEST-01934,5.66
TEST-01935,6.11
TEST-01936,5.9
TEST-01937,6.55
TEST-01938,12.93
TEST-01939,35.34
TEST-01940,53.84
TEST-01941,57.25
TEST-01942,43.49
TEST-01943,34.62
TEST-01944,46.78
TEST-01945,39.07
TEST-01946,40.83
TEST-01947,37.34
TEST-01948,38.23
TEST-01949,43.81
TEST-01950,85.92
TEST-01951,92.25
TEST-01952,52.92
TEST-01953,32.02
TEST-01954,14.92
TEST-01955,10.03
TEST-01956,8.19
TEST-01957,6.17
TEST-01958,6.06
TEST-01959,5.67
TEST-01960,5.77
TEST-01961,6.74
TEST-01962,13.08
TEST-01963,40.33
TEST-01964,54.75
TEST-01965,59.71
TEST-01966,42.9
TEST-01967,31.39
TEST-01968,32.38
TEST-01969,42.55
TEST-01970,40.79
TEST-01971,43.94
TEST-01972,36.82
TEST-01973,66.2
TEST-01974,76.21
TEST-01975,71.62
TEST-01976,52.75
TEST-01977,31.16
TEST-01978,17.9
TEST-01979,9.34
TEST-01980,6.83
TEST-01981,5.77
TEST-01982,5.78
TEST-01983,5.61
TEST-01984,6.28
TEST-01985,6.52
TEST-01986,12.71
TEST-01987,29.73
TEST-01988,58.47
TEST-01989,54.34
TEST-01990,42.94
TEST-01991,34.93
TEST-01992,51.65
TEST-01993,37.69
TEST-01994,38.96
TEST-01995,42.57
TEST-01996,34.37
TEST-01997,44.28
TEST-01998,76.8
TEST-01999,71.76
TEST-02000,66.21
TEST-02001,45.11
TEST-02002,16.28
TEST-02003,15.34
TEST-02004,7.44
TEST-02005,5.75
TEST-02006,5.97
TEST-02007,5.88
TEST-02008,6.67
TEST-02009,7.05
TEST-02010,13.5
TEST-02011,32.75
TEST-02012,65.57
TEST-02013,57.46
TEST-02014,44.02
TEST-02015,48.62
TEST-02016,31.33
TEST-02017,34.44
TEST-02018,36.46
TEST-02019,45.68
TEST-02020,34.68
TEST-02021,46.91
TEST-02022,65.85
TEST-02023,77.14
TEST-02024,78.32
TEST-02025,35.6
TEST-02026,17.43
TEST-02027,10.72
TEST-02028,7.13
TEST-02029,8.25
TEST-02030,7.15
TEST-02031,6.89
TEST-02032,7.07
TEST-02033,7.6
TEST-02034,11.4
TEST-02035,17.37
TEST-02036,17.58
TEST-02037,26.32
TEST-02038,26.27
TEST-02039,34.14
TEST-02040,35.65
TEST-02041,39.06
TEST-02042,42.81
TEST-02043,51.44
TEST-02044,45.78
TEST-02045,58.57
TEST-02046,58.21
TEST-02047,41.05
TEST-02048,49.13
TEST-02049,30.25
TEST-02050,20.08
TEST-02051,15.83
TEST-02052,10.15
TEST-02053,7.93
TEST-02054,7.73
TEST-02055,7.43
TEST-02056,7.66
TEST-02057,9.14
TEST-02058,10.85
TEST-02059,13.46
TEST-02060,18.89
TEST-02061,24.19
TEST-02062,29.85
TEST-02063,36.96
TEST-02064,39.82
TEST-02065,42.67
TEST-02066,40.26
TEST-02067,40.69
TEST-02068,46.97
TEST-02069,44.82
TEST-02070,41.66
TEST-02071,43.17
TEST-02072,34.33
TEST-02073,25.68
TEST-02074,27.68
TEST-02075,12.86
TEST-02076,10.19
TEST-02077,6.58
TEST-02078,6.04
TEST-02079,5.93
TEST-02080,5.91
TEST-02081,7.99
TEST-02082,14.1
TEST-02083,32.01
TEST-02084,54.07
TEST-02085,55.44
TEST-02086,41.62
TEST-02087,31.86
TEST-02088,31.44
TEST-02089,34.71
TEST-02090,34.58
TEST-02091,49.8
TEST-02092,36.4
TEST-02093,48.16
TEST-02094,62.85
TEST-02095,66.52
TEST-02096,53.69
TEST-02097,32.25
TEST-02098,15.04
TEST-02099,10.41
TEST-02100,7.73
TEST-02101,6.36
TEST-02102,6.09
TEST-02103,6.47
TEST-02104,6.37
TEST-02105,7.23
TEST-02106,13.62
TEST-02107,36.25
TEST-02108,55.18
TEST-02109,58.7
TEST-02110,44.79
TEST-02111,35.67
TEST-02112,32.72
TEST-02113,39.24
TEST-02114,36.58
TEST-02115,37.82
TEST-02116,52.28
TEST-02117,45.55
TEST-02118,63.0
TEST-02119,97.73
TEST-02120,53.63
TEST-02121,16.09
TEST-02122,10.76
TEST-02123,8.79
TEST-02124,6.82
TEST-02125,6.48
TEST-02126,6.16
TEST-02127,6.47
TEST-02128,7.22
TEST-02129,13.5
TEST-02130,40.72
TEST-02131,54.62
TEST-02132,68.35
TEST-02133,44.36
TEST-02134,32.9
TEST-02135,33.7
TEST-02136,54.01
TEST-02137,43.05
TEST-02138,36.09
TEST-02139,37.78
TEST-02140,57.69
TEST-02141,65.85
TEST-02142,81.99
TEST-02143,55.7
TEST-02144,33.29
TEST-02145,19.06
TEST-02146,10.76
TEST-02147,7.95
TEST-02148,6.65
TEST-02149,6.74
TEST-02150,6.4
TEST-02151,7.29
TEST-02152,7.43
TEST-02153,13.63
TEST-02154,31.09
TEST-02155,60.15
TEST-02156,56.16
TEST-02157,44.46
TEST-02158,36.38
TEST-02159,36.17
TEST-02160,38.54
TEST-02161,37.23
TEST-02162,43.59
TEST-02163,35.8
TEST-02164,45.73
TEST-02165,62.07
TEST-02166,73.66
TEST-02167,55.42
TEST-02168,36.45
TEST-02169,17.26
TEST-02170,11.09
TEST-02171,8.22
TEST-02172,6.66
TEST-02173,6.89
TEST-02174,7.03
TEST-02175,7.27
TEST-02176,7.85
TEST-02177,14.59
TEST-02178,34.24
TEST-02179,67.75
TEST-02180,59.64
TEST-02181,46.26
TEST-02182,50.68
TEST-02183,33.92
TEST-02184,36.81
TEST-02185,50.49
TEST-02186,42.4
TEST-02187,40.94
TEST-02188,46.53
TEST-02189,70.31
TEST-02190,81.43
TEST-02191,82.88
TEST-02192,38.4
TEST-02193,19.85
TEST-02194,12.18
TEST-02195,8.25
TEST-02196,9.25
TEST-02197,7.91
TEST-02198,7.89
TEST-02199,7.9
TEST-02200,8.73
TEST-02201,12.41
TEST-02202,18.17
TEST-02203,18.8
TEST-02204,27.81
TEST-02205,28.1
TEST-02206,35.91
TEST-02207,37.09
TEST-02208,44.42
TEST-02209,42.24
TEST-02210,46.11
TEST-02211,47.95
TEST-02212,45.14
TEST-02213,41.5
TEST-02214,33.55
TEST-02215,32.41
TEST-02216,21.42
TEST-02217,15.52
TEST-02218,11.15
TEST-02219,8.74
TEST-02220,8.5
TEST-02221,7.93
TEST-02222,8.39
TEST-02223,9.84
TEST-02224,11.65
TEST-02225,14.17
TEST-02226,19.98
TEST-02227,25.26
TEST-02228,30.76
TEST-02229,40.84
TEST-02230,41.91
TEST-02231,44.69
TEST-02232,41.86
TEST-02233,41.88
TEST-02234,45.79
TEST-02235,46.21
TEST-02236,42.99
TEST-02237,64.98
TEST-02238,39.81
TEST-02239,30.1
TEST-02240,22.69
TEST-02241,19.56
TEST-02242,11.33
TEST-02243,7.54
TEST-02244,7.0
TEST-02245,6.59
TEST-02246,7.15
TEST-02247,8.87
TEST-02248,15.04
TEST-02249,34.01
TEST-02250,56.59
TEST-02251,58.13
TEST-02252,43.86
TEST-02253,33.26
TEST-02254,33.15
TEST-02255,36.19
TEST-02256,36.13
TEST-02257,39.63
TEST-02258,37.01
TEST-02259,46.34
TEST-02260,59.96
TEST-02261,67.84
TEST-02262,55.75
TEST-02263,34.02
TEST-02264,16.03
TEST-02265,11.25
TEST-02266,8.52
TEST-02267,6.72
TEST-02268,6.66
TEST-02269,6.87
TEST-02270,7.01
TEST-02271,7.9
TEST-02272,14.15
TEST-02273,38.16
TEST-02274,56.83
TEST-02275,60.58
TEST-02276,45.82
TEST-02277,36.73
TEST-02278,33.54
TEST-02279,40.32
TEST-02280,37.24
TEST-02281,38.95
TEST-02282,35.3
TEST-02283,44.84
TEST-02284,62.8
TEST-02285,80.39
TEST-02286,53.45
TEST-02287,33.0
TEST-02288,16.04
TEST-02289,10.88
TEST-02290,8.87
TEST-02291,6.75
TEST-02292,6.52
TEST-02293,6.22
TEST-02294,6.43
TEST-02295,7.47
TEST-02296,14.06
TEST-02297,42.05
TEST-02298,56.81
TEST-02299,61.92
TEST-02300,44.79
TEST-02301,33.15
TEST-02302,33.78
TEST-02303,44.56
TEST-02304,42.78
TEST-02305,36.07
TEST-02306,38.02
TEST-02307,55.11
TEST-02308,66.28
TEST-02309,72.6
TEST-02310,54.11
TEST-02311,32.7
TEST-02312,18.78
TEST-02313,12.81
TEST-02314,9.41
TEST-02315,7.56
TEST-02316,7.54
TEST-02317,7.51
TEST-02318,6.65
TEST-02319,5.08
TEST-02320,11.96
TEST-02321,20.88
TEST-02322,32.01
TEST-02323,32.1
TEST-02324,33.15
TEST-02325,32.58
TEST-02326,50.03
TEST-02327,36.28
TEST-02328,35.16
TEST-02329,37.87
TEST-02330,37.16
TEST-02331,42.93
TEST-02332,50.5
TEST-02333,43.72
TEST-02334,55.55
TEST-02335,33.32
TEST-02336,33.77
TEST-02337,13.24
TEST-02338,9.58
TEST-02339,6.78
TEST-02340,7.16
TEST-02341,6.63
TEST-02342,6.74
TEST-02343,7.85
TEST-02344,14.12
TEST-02345,34.6
TEST-02346,68.3
TEST-02347,60.39
TEST-02348,46.01
TEST-02349,50.55
TEST-02350,32.24
TEST-02351,35.66
TEST-02352,37.59
TEST-02353,40.08
TEST-02354,39.12
TEST-02355,51.72
TEST-02356,67.6
TEST-02357,79.08
TEST-02358,80.12
TEST-02359,37.67
TEST-02360,18.87
TEST-02361,11.49
TEST-02362,8.18
TEST-02363,8.55
TEST-02364,7.66
TEST-02365,7.44
TEST-02366,7.48
TEST-02367,8.36
TEST-02368,11.62
TEST-02369,17.74
TEST-02370,18.26
TEST-02371,27.4
TEST-02372,27.29
TEST-02373,34.96
TEST-02374,36.74
TEST-02375,40.27
TEST-02376,43.75
TEST-02377,41.61
TEST-02378,43.06
TEST-02379,46.65
TEST-02380,46.26
TEST-02381,43.11
TEST-02382,33.03
TEST-02383,26.55
TEST-02384,20.2
TEST-02385,14.8
TEST-02386,10.67
TEST-02387,8.29
TEST-02388,7.62
TEST-02389,7.38
TEST-02390,7.94
TEST-02391,9.22
TEST-02392,10.9
TEST-02393,13.87
TEST-02394,19.42
TEST-02395,25.04
TEST-02396,30.5
TEST-02397,38.08
TEST-02398,40.7
TEST-02399,43.6
TEST-02400,41.09
TEST-02401,41.37
TEST-02402,51.0
TEST-02403,52.94
TEST-02404,45.96
TEST-02405,44.93
TEST-02406,35.39
TEST-02407,26.58
TEST-02408,21.96
TEST-02409,13.24
TEST-02410,10.4
TEST-02411,6.75
TEST-02412,6.37
TEST-02413,5.93
TEST-02414,6.64
TEST-02415,8.14
TEST-02416,14.46
TEST-02417,33.62
TEST-02418,56.22
TEST-02419,58.27
TEST-02420,43.54
TEST-02421,32.78
TEST-02422,32.59
TEST-02423,35.82
TEST-02424,35.54
TEST-02425,39.34
TEST-02426,36.69
TEST-02427,45.99
TEST-02428,60.12
TEST-02429,68.02
TEST-02430,54.99
TEST-02431,33.29
TEST-02432,15.56
TEST-02433,10.64
TEST-02434,8.31
TEST-02435,6.23
TEST-02436,6.26
TEST-02437,6.34
TEST-02438,6.55
TEST-02439,7.24
TEST-02440,13.65
TEST-02441,37.36
TEST-02442,56.96
TEST-02443,60.46
TEST-02444,45.34
TEST-02445,35.84
TEST-02446,32.53
TEST-02447,39.2
TEST-02448,36.65
TEST-02449,38.15
TEST-02450,34.58
TEST-02451,44.08
TEST-02452,62.05
TEST-02453,80.71
TEST-02454,52.32
TEST-02455,32.27
TEST-02456,15.41
TEST-02457,10.61
TEST-02458,8.69
TEST-02459,6.51
TEST-02460,6.29
TEST-02461,5.94
TEST-02462,6.13
TEST-02463,7.16
TEST-02464,14.0
TEST-02465,42.05
TEST-02466,57.37
TEST-02467,61.23
TEST-02468,44.48
TEST-02469,32.68
TEST-02470,33.45
TEST-02471,43.77
TEST-02472,41.96
TEST-02473,35.44
TEST-02474,40.61
TEST-02475,54.68
TEST-02476,66.53
TEST-02477,71.96
TEST-02478,54.1
TEST-02479,37.74
TEST-02480,18.96
TEST-02481,11.98
TEST-02482,8.46
TEST-02483,6.82
TEST-02484,6.67
TEST-02485,6.34
TEST-02486,5.88
TEST-02487,5.01
TEST-02488,11.75
TEST-02489,20.6
TEST-02490,31.93
TEST-02491,30.76
TEST-02492,32.25
TEST-02493,31.78
TEST-02494,32.82
TEST-02495,35.13
TEST-02496,34.33
TEST-02497,50.12
TEST-02498,34.11
TEST-02499,40.5
TEST-02500,41.13
TEST-02501,65.15
TEST-02502,41.48
TEST-02503,42.87
TEST-02504,20.42
TEST-02505,12.84
TEST-02506,9.15
TEST-02507,6.8
TEST-02508,6.96
TEST-02509,6.14
TEST-02510,7.01
TEST-02511,7.6
TEST-02512,14.07
TEST-02513,34.65
TEST-02514,68.46
TEST-02515,60.37
TEST-02516,45.82
TEST-02517,50.19
TEST-02518,33.14
TEST-02519,36.71
TEST-02520,54.06
TEST-02521,61.46
TEST-02522,43.71
TEST-02523,47.53
TEST-02524,75.67
TEST-02525,104.27
TEST-02526,89.67
TEST-02527,39.08
TEST-02528,19.32
TEST-02529,11.68
TEST-02530,8.32
TEST-02531,8.87
TEST-02532,7.75
TEST-02533,7.82
TEST-02534,8.0
TEST-02535,8.21
TEST-02536,11.39
TEST-02537,18.05
TEST-02538,18.23
TEST-02539,27.88
TEST-02540,27.81
TEST-02541,35.77
TEST-02542,37.48
TEST-02543,40.83
TEST-02544,43.87
TEST-02545,51.47
TEST-02546,63.09
TEST-02547,47.94
TEST-02548,48.72
TEST-02549,52.54
TEST-02550,35.74
TEST-02551,34.57
TEST-02552,20.63
TEST-02553,20.73
TEST-02554,10.99
TEST-02555,8.67
TEST-02556,7.73
TEST-02557,7.58
TEST-02558,7.95
TEST-02559,9.53
TEST-02560,13.67
TEST-02561,19.56
TEST-02562,25.28
TEST-02563,30.59
TEST-02564,41.06
TEST-02565,51.25
TEST-02566,44.88
TEST-02567,41.95
TEST-02568,41.72
TEST-02569,45.32
TEST-02570,45.82
TEST-02571,53.37
TEST-02572,56.24
TEST-02573,39.65
TEST-02574,27.75
TEST-02575,22.32
TEST-02576,13.31
TEST-02577,10.54
TEST-02578,6.83
TEST-02579,6.17
TEST-02580,6.02
TEST-02581,6.35
TEST-02582,8.3
TEST-02583,14.93
TEST-02584,33.84
TEST-02585,56.55
TEST-02586,58.42
TEST-02587,43.54
TEST-02588,33.1
TEST-02589,32.73
TEST-02590,35.83
TEST-02591,35.9
TEST-02592,39.4
TEST-02593,36.57
TEST-02594,49.37
TEST-02595,60.72
TEST-02596,71.63
TEST-02597,55.75
TEST-02598,33.63
TEST-02599,15.83
TEST-02600,10.87
TEST-02601,7.99
TEST-02602,6.43
TEST-02603,6.04
TEST-02604,6.41
TEST-02605,6.43
TEST-02606,7.68
TEST-02607,14.0
TEST-02608,37.14
TEST-02609,56.45
TEST-02610,60.58
TEST-02611,46.15
TEST-02612,36.1
TEST-02613,32.76
TEST-02614,39.8
TEST-02615,36.8
TEST-02616,38.09
TEST-02617,34.55
TEST-02618,44.3
TEST-02619,64.49
TEST-02620,98.77
TEST-02621,61.16
TEST-02622,33.58
TEST-02623,16.17
TEST-02624,10.53
TEST-02625,8.78
TEST-02626,6.5
TEST-02627,6.32
TEST-02628,6.02
TEST-02629,6.25
TEST-02630,7.44
TEST-02631,14.02
TEST-02632,42.3
TEST-02633,56.97
TEST-02634,61.68
TEST-02635,44.77
TEST-02636,32.94
TEST-02637,33.7
TEST-02638,44.23
TEST-02639,42.65
TEST-02640,38.73
TEST-02641,38.14
TEST-02642,55.07
TEST-02643,77.12
TEST-02644,77.05
TEST-02645,55.72
TEST-02646,32.88
TEST-02647,18.81
TEST-02648,10.26
TEST-02649,7.53
TEST-02650,6.25
TEST-02651,6.5
TEST-02652,6.17
TEST-02653,6.95
TEST-02654,7.23
TEST-02655,13.65
TEST-02656,31.35
TEST-02657,61.45
TEST-02658,56.78
TEST-02659,44.33
TEST-02660,35.81
TEST-02661,36.23
TEST-02662,40.09
TEST-02663,37.1
TEST-02664,43.65
TEST-02665,35.6
TEST-02666,45.49
TEST-02667,78.35
TEST-02668,74.43
TEST-02669,36.6
TEST-02670,16.71
TEST-02671,11.3
TEST-02672,8.02
TEST-02673,6.44
TEST-02674,6.47
TEST-02675,6.64
TEST-02676,6.91
TEST-02677,7.85
TEST-02678,14.06
TEST-02679,34.76
TEST-02680,68.63
TEST-02681,60.89
TEST-02682,46.92
TEST-02683,33.19
TEST-02684,52.15
TEST-02685,38.98
TEST-02686,53.62
TEST-02687,36.95
TEST-02688,46.22
TEST-02689,74.0
TEST-02690,80.74
TEST-02691,82.29
TEST-02692,37.72
TEST-02693,19.58
TEST-02694,12.59
TEST-02695,8.87
TEST-02696,8.76
TEST-02697,7.61
TEST-02698,7.44
TEST-02699,7.42
TEST-02700,8.17
TEST-02701,11.45
TEST-02702,17.4
TEST-02703,18.23
TEST-02704,27.61
TEST-02705,27.2
TEST-02706,35.02
TEST-02707,36.9
TEST-02708,45.18
TEST-02709,44.5
TEST-02710,43.63
TEST-02711,46.98
TEST-02712,48.16
TEST-02713,41.9
TEST-02714,50.36
TEST-02715,27.61
TEST-02716,22.69
TEST-02717,15.17
TEST-02718,10.92
TEST-02719,8.52
TEST-02720,8.13
TEST-02721,7.62
TEST-02722,7.85
TEST-02723,9.48
TEST-02724,11.01
TEST-02725,13.3
TEST-02726,19.38
TEST-02727,25.6
TEST-02728,30.29
TEST-02729,37.88
TEST-02730,40.79
TEST-02731,43.77
TEST-02732,41.3
TEST-02733,51.51
TEST-02734,45.51
TEST-02735,49.26
TEST-02736,43.28
TEST-02737,35.94
TEST-02738,26.71
TEST-02739,22.47
TEST-02740,13.81
TEST-02741,10.78
TEST-02742,7.07
TEST-02743,6.41
TEST-02744,6.29
TEST-02745,6.56
TEST-02746,8.1
TEST-02747,14.56
TEST-02748,33.7
TEST-02749,56.13
TEST-02750,57.8
TEST-02751,43.32
TEST-02752,32.92
TEST-02753,32.69
TEST-02754,36.19
TEST-02755,35.56
TEST-02756,39.32
TEST-02757,36.5
TEST-02758,45.8
TEST-02759,71.04
TEST-02760,82.67
TEST-02761,55.92
TEST-02762,40.16
TEST-02763,16.06
TEST-02764,11.57
TEST-02765,8.85
TEST-02766,6.86
TEST-02767,6.27
TEST-02768,6.42
TEST-02769,6.93
TEST-02770,7.37
TEST-02771,13.78
TEST-02772,37.66
TEST-02773,56.6
TEST-02774,60.3
TEST-02775,45.76
TEST-02776,36.35
TEST-02777,33.3
TEST-02778,40.1
TEST-02779,39.3
TEST-02780,44.81
TEST-02781,41.27
TEST-02782,46.28
TEST-02783,62.98
TEST-02784,98.54
TEST-02785,53.82
TEST-02786,33.81
TEST-02787,16.23
TEST-02788,11.14
TEST-02789,9.38
TEST-02790,7.03
TEST-02791,6.6
TEST-02792,6.44
TEST-02793,6.44
TEST-02794,7.37
TEST-02795,14.09
TEST-02796,42.26
TEST-02797,57.87
TEST-02798,63.14
TEST-02799,45.23
TEST-02800,33.59
TEST-02801,35.09
TEST-02802,46.24
TEST-02803,43.95
TEST-02804,36.9
TEST-02805,39.1
TEST-02806,77.84
TEST-02807,69.96
TEST-02808,75.95
TEST-02809,61.55
TEST-02810,34.46
TEST-02811,20.19
TEST-02812,11.38
TEST-02813,8.61
TEST-02814,7.1
TEST-02815,7.29
TEST-02816,6.77
TEST-02817,7.27
TEST-02818,7.76
TEST-02819,14.21
TEST-02820,32.74
TEST-02821,61.62
TEST-02822,57.68
TEST-02823,45.21
TEST-02824,36.84
TEST-02825,37.41
TEST-02826,39.4
TEST-02827,37.86
TEST-02828,44.18
TEST-02829,46.11
TEST-02830,46.73
TEST-02831,88.49
TEST-02832,77.25
TEST-02833,57.93
TEST-02834,37.25
TEST-02835,17.69
TEST-02836,11.88
TEST-02837,8.7
TEST-02838,7.08
TEST-02839,7.33
TEST-02840,7.11
TEST-02841,7.62
TEST-02842,8.45
TEST-02843,15.28
TEST-02844,37.13
TEST-02845,72.47
TEST-02846,63.34
TEST-02847,48.57
TEST-02848,53.11
TEST-02849,35.47
TEST-02850,38.59
TEST-02851,49.84
TEST-02852,44.02
TEST-02853,38.62
TEST-02854,48.1
TEST-02855,80.87
TEST-02856,99.92
TEST-02857,88.59
TEST-02858,40.15
TEST-02859,20.23
TEST-02860,21.75
TEST-02861,10.34
TEST-02862,10.75
TEST-02863,9.31
TEST-02864,9.16
TEST-02865,8.27
TEST-02866,8.47
TEST-02867,12.53
TEST-02868,19.63
TEST-02869,20.22
TEST-02870,26.17
TEST-02871,29.48
TEST-02872,37.85
TEST-02873,38.89
TEST-02874,42.3
TEST-02875,44.89
TEST-02876,42.86
TEST-02877,43.86
TEST-02878,46.88
TEST-02879,46.21
TEST-02880,45.21
TEST-02881,36.81
TEST-02882,31.88
TEST-02883,24.49
TEST-02884,17.51
TEST-02885,12.74
TEST-02886,10.4
TEST-02887,9.9
TEST-02888,9.37
TEST-02889,8.76
TEST-02890,10.54
TEST-02891,12.3
TEST-02892,14.83
TEST-02893,20.91
TEST-02894,26.61
TEST-02895,33.08
TEST-02896,40.62
TEST-02897,43.72
TEST-02898,66.24
TEST-02899,63.74
TEST-02900,45.17
TEST-02901,51.79
TEST-02902,56.54
TEST-02903,56.28
TEST-02904,48.52
TEST-02905,39.0
TEST-02906,28.29
TEST-02907,23.44
TEST-02908,20.85
TEST-02909,12.11
TEST-02910,8.17
TEST-02911,6.87
TEST-02912,7.02
TEST-02913,7.42
TEST-02914,9.14
TEST-02915,16.0
TEST-02916,35.89
TEST-02917,59.47
TEST-02918,45.55
TEST-02919,35.67
TEST-02920,35.17
TEST-02921,39.16
TEST-02922,38.88
TEST-02923,41.63
TEST-02924,39.33
TEST-02925,48.47
TEST-02926,79.05
TEST-02927,78.95
TEST-02928,63.58
TEST-02929,43.35
TEST-02930,18.09
TEST-02931,12.3
TEST-02932,9.69
TEST-02933,7.85
TEST-02934,7.64
TEST-02935,7.42
TEST-02936,7.54
TEST-02937,8.52
TEST-02938,14.48
TEST-02939,39.64
TEST-02940,60.3
TEST-02941,65.21
TEST-02942,48.85
TEST-02943,39.07
TEST-02944,35.45
TEST-02945,52.17
TEST-02946,40.41
TEST-02947,41.7
TEST-02948,37.79
TEST-02949,67.37
TEST-02950,67.91
TEST-02951,85.8
TEST-02952,69.49
TEST-02953,45.33
TEST-02954,17.75
TEST-02955,12.6
TEST-02956,9.96
TEST-02957,7.56
TEST-02958,7.33
TEST-02959,6.83
TEST-02960,6.89
TEST-02961,8.15
TEST-02962,14.45
TEST-02963,42.94
TEST-02964,58.02
TEST-02965,62.83
TEST-02966,45.07
TEST-02967,33.65
TEST-02968,34.41
TEST-02969,45.06
TEST-02970,57.27
TEST-02971,37.56
TEST-02972,49.96
TEST-02973,60.71
TEST-02974,68.38
TEST-02975,77.91
TEST-02976,55.08
TEST-02977,33.31
TEST-02978,21.03
TEST-02979,10.49
TEST-02980,7.8
TEST-02981,6.94
TEST-02982,7.06
TEST-02983,6.74
TEST-02984,7.59
TEST-02985,7.91
TEST-02986,14.55
TEST-02987,32.42
TEST-02988,62.89
TEST-02989,58.22
TEST-02990,45.93
TEST-02991,37.45
TEST-02992,37.0
TEST-02993,39.31
TEST-02994,37.93
TEST-02995,44.28
TEST-02996,36.6
TEST-02997,46.5
TEST-02998,64.9
TEST-02999,75.23
TEST-03000,56.68
TEST-03001,36.95
TEST-03002,17.12
TEST-03003,10.69
TEST-03004,8.45
TEST-03005,6.67
TEST-03006,6.85
TEST-03007,6.74
TEST-03008,7.28
TEST-03009,8.41
TEST-03010,14.7
TEST-03011,35.2
TEST-03012,70.86
TEST-03013,62.93
TEST-03014,47.52
TEST-03015,51.68
TEST-03016,33.86
TEST-03017,37.22
TEST-03018,39.31
TEST-03019,41.81
TEST-03020,37.07
TEST-03021,45.85
TEST-03022,70.55
TEST-03023,82.38
TEST-03024,83.41
TEST-03025,38.55
TEST-03026,19.84
TEST-03027,12.12
TEST-03028,8.74
TEST-03029,8.91
TEST-03030,7.91
TEST-03031,7.77
TEST-03032,8.04
TEST-03033,8.9
TEST-03034,12.05
TEST-03035,18.3
TEST-03036,19.04
TEST-03037,27.7
TEST-03038,27.45
TEST-03039,35.26
TEST-03040,37.3
TEST-03041,40.39
TEST-03042,44.11
TEST-03043,41.8
TEST-03044,43.08
TEST-03045,58.68
TEST-03046,65.06
TEST-03047,42.09
TEST-03048,34.23
TEST-03049,31.23
TEST-03050,20.78
TEST-03051,14.83
TEST-03052,10.8
TEST-03053,8.46
TEST-03054,7.85
TEST-03055,7.45
TEST-03056,7.75
TEST-03057,9.41
TEST-03058,11.78
TEST-03059,14.22
TEST-03060,20.47
TEST-03061,25.6
TEST-03062,30.8
TEST-03063,38.05
TEST-03064,40.84
TEST-03065,44.1
TEST-03066,41.45
TEST-03067,41.61
TEST-03068,45.09
TEST-03069,45.58
TEST-03070,42.67
TEST-03071,44.63
TEST-03072,35.41
TEST-03073,26.67
TEST-03074,22.18
TEST-03075,13.23
TEST-03076,10.52
TEST-03077,6.93
TEST-03078,6.14
TEST-03079,6.07
TEST-03080,6.36
TEST-03081,8.62
TEST-03082,15.07
TEST-03083,33.78
TEST-03084,56.37
TEST-03085,58.16
TEST-03086,43.42
TEST-03087,33.28
TEST-03088,32.89
TEST-03089,36.01
TEST-03090,36.13
TEST-03091,39.85
TEST-03092,37.06
TEST-03093,46.13
TEST-03094,60.39
TEST-03095,68.45
TEST-03096,55.14
TEST-03097,33.19
TEST-03098,15.79
TEST-03099,11.03
TEST-03100,8.3
TEST-03101,6.33
TEST-03102,6.12
TEST-03103,6.45
TEST-03104,6.52
TEST-03105,7.52
TEST-03106,13.99
TEST-03107,37.85
TEST-03108,57.06
TEST-03109,60.35
TEST-03110,45.69
TEST-03111,36.04
TEST-03112,32.51
TEST-03113,39.61
TEST-03114,36.46
TEST-03115,38.59
TEST-03116,34.53
TEST-03117,44.32
TEST-03118,61.41
TEST-03119,80.06
TEST-03120,52.43
TEST-03121,32.29
TEST-03122,15.54
TEST-03123,10.8
TEST-03124,8.8
TEST-03125,6.41
TEST-03126,6.25
TEST-03127,5.77
TEST-03128,5.88
TEST-03129,7.02
TEST-03130,13.87
TEST-03131,41.14
TEST-03132,55.78
TEST-03133,61.19
TEST-03134,44.35
TEST-03135,32.25
TEST-03136,33.28
TEST-03137,44.15
TEST-03138,42.49
TEST-03139,35.49
TEST-03140,37.87
TEST-03141,54.85
TEST-03142,68.63
TEST-03143,72.33
TEST-03144,53.29
TEST-03145,32.4
TEST-03146,18.72
TEST-03147,10.22
TEST-03148,7.69
TEST-03149,6.26
TEST-03150,6.3
TEST-03151,6.06
TEST-03152,6.9
TEST-03153,7.31
TEST-03154,13.78
TEST-03155,31.49
TEST-03156,62.14
TEST-03157,57.35
TEST-03158,44.49
TEST-03159,35.84
TEST-03160,35.77
TEST-03161,37.79
TEST-03162,36.65
TEST-03163,43.2
TEST-03164,35.35
TEST-03165,45.01
TEST-03166,62.66
TEST-03167,73.57
TEST-03168,54.93
TEST-03169,35.55
TEST-03170,16.49
TEST-03171,10.81
TEST-03172,7.81
TEST-03173,6.12
TEST-03174,6.42
TEST-03175,6.28
TEST-03176,6.8
TEST-03177,7.83
TEST-03178,14.1
TEST-03179,35.34
TEST-03180,68.98
TEST-03181,60.66
TEST-03182,45.92
TEST-03183,50.14
TEST-03184,32.5
TEST-03185,35.69
TEST-03186,37.85
TEST-03187,39.93
TEST-03188,35.61
TEST-03189,44.44
TEST-03190,67.55
TEST-03191,80.92
TEST-03192,83.1
TEST-03193,36.81
TEST-03194,18.68
TEST-03195,11.27
TEST-03196,7.64
TEST-03197,8.47
TEST-03198,7.71
TEST-03199,7.19
TEST-03200,7.37
TEST-03201,8.16
TEST-03202,11.48
TEST-03203,17.97
TEST-03204,18.33
TEST-03205,27.37
TEST-03206,27.26
TEST-03207,34.94
TEST-03208,36.98
TEST-03209,40.43
TEST-03210,43.88
TEST-03211,41.73
TEST-03212,45.15
TEST-03213,48.8
TEST-03214,44.16
TEST-03215,40.94
TEST-03216,32.56
TEST-03217,26.65
TEST-03218,20.5
TEST-03219,14.45
TEST-03220,10.57
TEST-03221,8.09
TEST-03222,7.93
TEST-03223,7.64
TEST-03224,7.63
TEST-03225,9.44
TEST-03226,11.13
TEST-03227,14.08
TEST-03228,19.65
TEST-03229,25.26
TEST-03230,30.3
TEST-03231,38.0
TEST-03232,40.68
TEST-03233,43.94
TEST-03234,41.11
TEST-03235,41.43
TEST-03236,45.09
TEST-03237,45.13
TEST-03238,42.48
TEST-03239,44.24
TEST-03240,35.12
TEST-03241,26.49
TEST-03242,22.06
TEST-03243,13.23
TEST-03244,10.54
TEST-03245,6.74
TEST-03246,6.25
TEST-03247,6.53
TEST-03248,6.42
TEST-03249,8.26
TEST-03250,14.48
TEST-03251,34.27
TEST-03252,56.54
TEST-03253,58.11
TEST-03254,43.11
TEST-03255,32.68
TEST-03256,32.29
TEST-03257,35.81
TEST-03258,37.86
TEST-03259,39.48
TEST-03260,42.21
TEST-03261,53.88
TEST-03262,74.4
TEST-03263,83.08
TEST-03264,55.78
TEST-03265,33.84
TEST-03266,15.81
TEST-03267,10.87
TEST-03268,8.21
TEST-03269,6.73
TEST-03270,6.21
TEST-03271,6.89
TEST-03272,7.18
TEST-03273,7.74
TEST-03274,13.72
TEST-03275,37.93
TEST-03276,57.5
TEST-03277,61.08
TEST-03278,45.75
TEST-03279,35.77
TEST-03280,32.48
TEST-03281,39.51
TEST-03282,36.88
TEST-03283,38.46
TEST-03284,34.62
TEST-03285,44.44
TEST-03286,61.83
TEST-03287,80.13
TEST-03288,52.35
TEST-03289,32.2
TEST-03290,15.68
TEST-03291,10.54
TEST-03292,8.64
TEST-03293,7.07
TEST-03294,6.48
TEST-03295,5.96
TEST-03296,6.58
TEST-03297,7.35
TEST-03298,13.84
TEST-03299,42.04
TEST-03300,56.96
TEST-03301,61.74
TEST-03302,44.68
TEST-03303,32.75
TEST-03304,33.35
TEST-03305,44.2
TEST-03306,42.14
TEST-03307,35.51
TEST-03308,37.74
TEST-03309,55.3
TEST-03310,66.43
TEST-03311,71.7
TEST-03312,53.93
TEST-03313,32.36
TEST-03314,18.62
TEST-03315,10.12
TEST-03316,7.37
TEST-03317,6.69
TEST-03318,6.33
TEST-03319,6.11
TEST-03320,7.08
TEST-03321,7.37
TEST-03322,13.7
TEST-03323,31.49
TEST-03324,62.11
TEST-03325,56.98
TEST-03326,44.72
TEST-03327,35.95
TEST-03328,35.78
TEST-03329,37.72
TEST-03330,37.04
TEST-03331,43.27
TEST-03332,35.45
TEST-03333,45.43
TEST-03334,62.68
TEST-03335,75.68
TEST-03336,56.32
TEST-03337,35.48
TEST-03338,16.52
TEST-03339,10.49
TEST-03340,7.92
TEST-03341,6.86
TEST-03342,6.57
TEST-03343,6.43
TEST-03344,7.24
TEST-03345,14.32
TEST-03346,34.91
TEST-03347,68.86
TEST-03348,61.18
TEST-03349,46.96
TEST-03350,50.36
TEST-03351,32.96
TEST-03352,35.83
TEST-03353,38.01
TEST-03354,40.4
TEST-03355,35.62
TEST-03356,44.38
TEST-03357,67.34
TEST-03358,79.13
TEST-03359,81.85
TEST-03360,37.36
TEST-03361,19.18
TEST-03362,12.08
TEST-03363,7.91
TEST-03364,8.81
TEST-03365,7.85
TEST-03366,7.38
TEST-03367,7.56
TEST-03368,8.77
TEST-03369,11.79
TEST-03370,18.23
TEST-03371,18.53
TEST-03372,27.5
TEST-03373,27.52
TEST-03374,35.31
TEST-03375,37.4
TEST-03376,40.41
TEST-03377,43.95
TEST-03378,42.1
TEST-03379,43.32
TEST-03380,47.25
TEST-03381,44.59
TEST-03382,41.06
TEST-03383,32.77
TEST-03384,26.6
TEST-03385,20.45
TEST-03386,15.08
TEST-03387,10.64
TEST-03388,8.33
TEST-03389,8.15
TEST-03390,7.61
TEST-03391,7.84
TEST-03392,9.44
TEST-03393,11.44
TEST-03394,14.24
TEST-03395,19.75
TEST-03396,25.44
TEST-03397,30.57
TEST-03398,38.37
TEST-03399,40.64
TEST-03400,43.96
TEST-03401,41.7
TEST-03402,41.86
TEST-03403,45.44
TEST-03404,45.63
TEST-03405,42.63
TEST-03406,44.67
TEST-03407,36.03
TEST-03408,26.69
TEST-03409,22.29
TEST-03410,13.48
TEST-03411,10.24
TEST-03412,6.81
TEST-03413,6.56
TEST-03414,6.14
TEST-03415,6.65
TEST-03416,7.97
TEST-03417,14.91
TEST-03418,33.74
TEST-03419,56.53
TEST-03420,58.8
TEST-03421,44.24
TEST-03422,33.34
TEST-03423,33.04
TEST-03424,36.73
TEST-03425,35.72
TEST-03426,39.58
TEST-03427,36.55
TEST-03428,46.21
TEST-03429,60.01
TEST-03430,67.9
TEST-03431,55.63
TEST-03432,33.83
TEST-03433,15.89
TEST-03434,11.01
TEST-03435,8.21
TEST-03436,6.33
TEST-03437,6.24
TEST-03438,6.5
TEST-03439,6.58
TEST-03440,7.63
TEST-03441,13.91
TEST-03442,37.33
TEST-03443,56.77
TEST-03444,61.25
TEST-03445,46.35
TEST-03446,36.38
TEST-03447,32.84
TEST-03448,39.2
TEST-03449,36.84
TEST-03450,38.22
TEST-03451,34.81
TEST-03452,62.36
TEST-03453,80.33
TEST-03454,53.07
TEST-03455,32.98
TEST-03456,16.16
TEST-03457,10.71
TEST-03458,9.11
TEST-03459,6.76
TEST-03460,6.3
TEST-03461,6.12
TEST-03462,6.25
TEST-03463,7.23
TEST-03464,13.51
TEST-03465,42.07
TEST-03466,56.84
TEST-03467,61.32
TEST-03468,44.85
TEST-03469,33.37
TEST-03470,33.63
TEST-03471,44.32
TEST-03472,42.26
TEST-03473,35.62
TEST-03474,38.01
TEST-03475,54.87
TEST-03476,65.92
TEST-03477,71.67
TEST-03478,54.13
TEST-03479,32.94
TEST-03480,19.02
TEST-03481,10.31
TEST-03482,7.79
TEST-03483,6.28
TEST-03484,6.31
TEST-03485,6.09
TEST-03486,6.86
TEST-03487,7.63
TEST-03488,13.57
TEST-03489,31.86
TEST-03490,61.8
TEST-03491,57.02
TEST-03492,45.2
TEST-03493,36.67
TEST-03494,36.75
TEST-03495,38.4
TEST-03496,37.14
TEST-03497,43.67
TEST-03498,35.85
TEST-03499,45.44
TEST-03500,62.55
TEST-03501,73.12
TEST-03502,55.33
TEST-03503,36.46
TEST-03504,17.11
TEST-03505,10.83
TEST-03506,7.92
TEST-03507,6.64
TEST-03508,6.35
TEST-03509,6.82
TEST-03510,7.91
TEST-03511,14.38
TEST-03512,35.11
TEST-03513,69.32
TEST-03514,61.49
TEST-03515,46.97
TEST-03516,51.86
TEST-03517,33.52
TEST-03518,36.37
TEST-03519,38.46
TEST-03520,40.68
TEST-03521,38.67
TEST-03522,45.03
TEST-03523,68.36
TEST-03524,80.54
TEST-03525,82.78
TEST-03526,37.69
TEST-03527,19.69
TEST-03528,12.5
TEST-03529,8.19
TEST-03530,9.15
TEST-03531,7.92
TEST-03532,7.78
TEST-03533,7.67
TEST-03534,8.86
TEST-03535,12.02
TEST-03536,18.16
TEST-03537,28.22
TEST-03538,27.88
TEST-03539,36.04
TEST-03540,37.67
TEST-03541,41.23
TEST-03542,44.71
TEST-03543,42.67
TEST-03544,44.07
TEST-03545,50.76
TEST-03546,45.42
TEST-03547,42.2
TEST-03548,33.76
TEST-03549,27.14
TEST-03550,21.13
TEST-03551,15.5
TEST-03552,11.62
TEST-03553,9.14
TEST-03554,8.59
TEST-03555,8.0
TEST-03556,8.64
TEST-03557,9.9
TEST-03558,11.99
TEST-03559,14.53
TEST-03560,20.62
TEST-03561,26.15
TEST-03562,32.18
TEST-03563,39.81
TEST-03564,42.58
TEST-03565,45.78
TEST-03566,43.07
TEST-03567,43.64
TEST-03568,47.65
TEST-03569,47.66
TEST-03570,44.35
TEST-03571,46.16
TEST-03572,37.37
TEST-03573,27.5
TEST-03574,23.29
TEST-03575,14.63
TEST-03576,11.57
TEST-03577,7.64
TEST-03578,7.45
TEST-03579,6.89
TEST-03580,7.28
TEST-03581,8.93
TEST-03582,15.65
TEST-03583,35.46
TEST-03584,58.39
TEST-03585,59.97
TEST-03586,44.79
TEST-03587,35.32
TEST-03588,35.33
TEST-03589,38.71
TEST-03590,38.13
TEST-03591,41.7
TEST-03592,38.86
TEST-03593,48.21
TEST-03594,62.55
TEST-03595,70.27
TEST-03596,58.2
TEST-03597,36.04
TEST-03598,17.33
TEST-03599,12.36
TEST-03600,9.38
TEST-03601,7.45
TEST-03602,7.29
TEST-03603,7.66
TEST-03604,7.68
TEST-03605,8.62
TEST-03606,14.93
TEST-03607,39.76
TEST-03608,60.04
TEST-03609,63.45
TEST-03610,48.27
TEST-03611,39.21
TEST-03612,35.81
TEST-03613,42.23
TEST-03614,50.12
TEST-03615,58.76
TEST-03616,47.29
TEST-03617,52.29
TEST-03618,67.13
TEST-03619,85.2
TEST-03620,58.82
TEST-03621,35.43
TEST-03622,17.11
TEST-03623,12.03
TEST-03624,10.25
TEST-03625,7.96
TEST-03626,7.64
TEST-03627,7.11
TEST-03628,7.3
TEST-03629,8.71
TEST-03630,15.1
TEST-03631,45.05
TEST-03632,60.41
TEST-03633,66.1
TEST-03634,48.1
TEST-03635,35.93
TEST-03636,37.09
TEST-03637,47.58
TEST-03638,45.47
TEST-03639,39.16
TEST-03640,41.54
TEST-03641,71.39
TEST-03642,76.61
TEST-03643,93.16
TEST-03644,58.53
TEST-03645,40.33
TEST-03646,21.01
TEST-03647,11.94
TEST-03648,9.02
TEST-03649,7.29
TEST-03650,7.73
TEST-03651,7.07
TEST-03652,8.01
TEST-03653,8.9
TEST-03654,14.89
TEST-03655,34.11
TEST-03656,65.91
TEST-03657,61.02
TEST-03658,47.82
TEST-03659,39.3
TEST-03660,39.28
TEST-03661,41.34
TEST-03662,39.92
TEST-03663,46.41
TEST-03664,38.37
TEST-03665,48.98
TEST-03666,67.8
TEST-03667,78.61
TEST-03668,58.85
TEST-03669,39.09
TEST-03670,18.64
TEST-03671,12.26
TEST-03672,9.04
TEST-03673,7.29
TEST-03674,7.94
TEST-03675,7.33
TEST-03676,7.87
TEST-03677,9.32
TEST-03678,15.6
TEST-03679,36.68
TEST-03680,71.11
TEST-03681,64.02
TEST-03682,49.08
TEST-03683,53.67
TEST-03684,35.93
TEST-03685,39.0
TEST-03686,40.95
TEST-03687,42.86
TEST-03688,38.73
TEST-03689,47.77
TEST-03690,72.66
TEST-03691,83.83
TEST-03692,84.75
TEST-03693,39.66
TEST-03694,20.45
TEST-03695,12.48
TEST-03696,9.06
TEST-03697,9.1
TEST-03698,8.3
TEST-03699,7.91
TEST-03700,8.42
TEST-03701,9.11
TEST-03702,12.64
TEST-03703,18.9
TEST-03704,19.09
TEST-03705,28.46
TEST-03706,28.09
TEST-03707,36.11
TEST-03708,38.38
TEST-03709,41.17
TEST-03710,45.53
TEST-03711,42.75
TEST-03712,44.28
TEST-03713,48.68
TEST-03714,45.27
TEST-03715,41.6
TEST-03716,33.52
TEST-03717,27.0
TEST-03718,20.7
TEST-03719,14.94
TEST-03720,10.59
TEST-03721,8.09
TEST-03722,7.75
TEST-03723,7.38
TEST-03724,7.97
TEST-03725,9.58
TEST-03726,11.14
TEST-03727,14.32
TEST-03728,20.22
TEST-03729,25.98
TEST-03730,32.45
TEST-03731,38.93
TEST-03732,42.1
TEST-03733,47.24
TEST-03734,42.59
TEST-03735,60.61
TEST-03736,49.71
TEST-03737,48.28
TEST-03738,44.68
TEST-03739,45.98
TEST-03740,36.13
TEST-03741,26.64
TEST-03742,22.37
TEST-03743,13.5
TEST-03744,10.33
TEST-03745,6.14
TEST-03746,5.56
TEST-03747,5.53
TEST-03748,5.75
TEST-03749,7.68
TEST-03750,15.05
TEST-03751,34.65
TEST-03752,58.62
TEST-03753,60.14
TEST-03754,44.03
TEST-03755,33.34
TEST-03756,32.78
TEST-03757,36.39
TEST-03758,36.45
TEST-03759,42.3
TEST-03760,39.3
TEST-03761,47.1
TEST-03762,62.54
TEST-03763,71.01
TEST-03764,57.02
TEST-03765,33.81
TEST-03766,15.84
TEST-03767,9.94
TEST-03768,7.2
TEST-03769,5.52
TEST-03770,5.23
TEST-03771,5.79
TEST-03772,5.79
TEST-03773,7.44
TEST-03774,13.77
TEST-03775,37.98
TEST-03776,58.18
TEST-03777,63.14
TEST-03778,46.27
TEST-03779,36.12
TEST-03780,32.85
TEST-03781,40.04
TEST-03782,38.64
TEST-03783,41.02
TEST-03784,35.45
TEST-03785,50.04
TEST-03786,64.9
TEST-03787,84.99
TEST-03788,54.3
TEST-03789,32.64
TEST-03790,15.35
TEST-03791,9.6
TEST-03792,8.11
TEST-03793,5.85
TEST-03794,5.66
TEST-03795,5.21
TEST-03796,5.43
TEST-03797,6.55
TEST-03798,13.65
TEST-03799,42.82
TEST-03800,58.55
TEST-03801,63.58
TEST-03802,45.32
TEST-03803,32.98
TEST-03804,33.78
TEST-03805,45.07
TEST-03806,43.26
TEST-03807,36.38
TEST-03808,40.2
TEST-03809,56.81
TEST-03810,68.95
TEST-03811,75.49
TEST-03812,54.91
TEST-03813,32.85
TEST-03814,18.48
TEST-03815,9.3
TEST-03816,6.73
TEST-03817,5.33
TEST-03818,5.47
TEST-03819,5.16
TEST-03820,7.96
TEST-03821,6.61
TEST-03822,13.51
TEST-03823,31.7
TEST-03824,64.09
TEST-03825,57.94
TEST-03826,45.08
TEST-03827,36.07
TEST-03828,36.25
TEST-03829,38.24
TEST-03830,37.05
TEST-03831,43.95
TEST-03832,35.76
TEST-03833,46.21
TEST-03834,65.68
TEST-03835,76.67
TEST-03836,56.87
TEST-03837,35.81
TEST-03838,16.55
TEST-03839,9.88
TEST-03840,7.06
TEST-03841,5.29
TEST-03842,3.37
TEST-03843,3.42
TEST-03844,3.87
TEST-03845,4.58
TEST-03846,12.44
TEST-03847,35.23
TEST-03848,71.93
TEST-03849,68.08
TEST-03850,47.56
TEST-03851,51.97
TEST-03852,32.85
TEST-03853,35.92
TEST-03854,38.43
TEST-03855,42.69
TEST-03856,35.74
TEST-03857,45.71
TEST-03858,72.02
TEST-03859,82.58
TEST-03860,82.99
TEST-03861,36.62
TEST-03862,18.5
TEST-03863,8.21
TEST-03864,4.64
TEST-03865,5.59
TEST-03866,4.4
TEST-03867,4.42
TEST-03868,4.68
TEST-03869,5.26
TEST-03870,8.56
TEST-03871,17.39
TEST-03872,17.76
TEST-03873,27.41
TEST-03874,27.13
TEST-03875,35.04
TEST-03876,37.07
TEST-03877,40.8
TEST-03878,44.7
TEST-03879,42.87
TEST-03880,44.04
TEST-03881,48.27
TEST-03882,44.97
TEST-03883,41.48
TEST-03884,32.68
TEST-03885,26.36
TEST-03886,20.24
TEST-03887,14.0
TEST-03888,8.7
TEST-03889,5.26
TEST-03890,4.97
TEST-03891,4.91
TEST-03892,5.02
TEST-03893,6.77
TEST-03894,8.52
TEST-03895,11.81
TEST-03896,19.48
TEST-03897,25.25
TEST-03898,30.66
TEST-03899,38.36
TEST-03900,41.43
TEST-03901,45.09
TEST-03902,42.06
TEST-03903,42.45
TEST-03904,46.25
TEST-03905,46.59
TEST-03906,43.45
TEST-03907,46.07
TEST-03908,35.26
TEST-03909,26.5
TEST-03910,21.96
TEST-03911,11.28
TEST-03912,7.47
TEST-03913,3.67
TEST-03914,5.94
TEST-03915,3.32
TEST-03916,3.47
TEST-03917,5.13
TEST-03918,14.07
TEST-03919,33.94
TEST-03920,58.86
TEST-03921,60.76
TEST-03922,44.37
TEST-03923,32.86
TEST-03924,32.53
TEST-03925,35.81
TEST-03926,35.77
TEST-03927,39.84
TEST-03928,36.78
TEST-03929,46.99
TEST-03930,62.98
TEST-03931,70.9
TEST-03932,56.31
TEST-03933,33.6
TEST-03934,14.8
TEST-03935,7.35
TEST-03936,4.48
TEST-03937,3.28
TEST-03938,2.96
TEST-03939,3.67
TEST-03940,3.62
TEST-03941,4.49
TEST-03942,11.85
TEST-03943,37.48
TEST-03944,59.28
TEST-03945,63.41
TEST-03946,46.86
TEST-03947,36.04
TEST-03948,32.68
TEST-03949,39.88
TEST-03950,36.99
TEST-03951,38.58
TEST-03952,34.66
TEST-03953,46.0
TEST-03954,65.1
TEST-03955,84.59
TEST-03956,55.0
TEST-03957,32.62
TEST-03958,14.69
TEST-03959,7.36
TEST-03960,5.82
TEST-03961,3.55
TEST-03962,3.37
TEST-03963,2.99
TEST-03964,3.45
TEST-03965,4.36
TEST-03966,11.93
TEST-03967,42.88
TEST-03968,58.59
TEST-03969,64.31
TEST-03970,55.7
TEST-03971,33.41
TEST-03972,35.22
TEST-03973,45.35
TEST-03974,43.28
TEST-03975,35.79
TEST-03976,38.43
TEST-03977,57.04
TEST-03978,69.04
TEST-03979,75.02
TEST-03980,55.74
TEST-03981,32.61
TEST-03982,19.67
TEST-03983,8.72
TEST-03984,4.81
TEST-03985,3.53
TEST-03986,3.33
TEST-03987,3.22
TEST-03988,4.02
TEST-03989,6.0
TEST-03990,11.76
TEST-03991,31.53
TEST-03992,64.4
TEST-03993,58.58
TEST-03994,45.52
TEST-03995,35.88
TEST-03996,40.44
TEST-03997,38.89
TEST-03998,40.11
TEST-03999,45.23
TEST-04000,53.07
TEST-04001,53.05
TEST-04002,80.84
TEST-04003,91.46
TEST-04004,59.04
TEST-04005,36.59
TEST-04006,16.25
TEST-04007,7.98
TEST-04008,5.79
TEST-04009,3.1
TEST-04010,3.55
TEST-04011,3.45
TEST-04012,3.91
TEST-04013,4.91
TEST-04014,12.4
TEST-04015,35.02
TEST-04016,71.96
TEST-04017,60.45
TEST-04018,47.41
TEST-04019,51.7
TEST-04020,32.65
TEST-04021,35.81
TEST-04022,38.26
TEST-04023,40.72
TEST-04024,35.71
TEST-04025,45.89
TEST-04026,71.14
TEST-04027,82.54
TEST-04028,84.01
TEST-04029,37.11
TEST-04030,18.51
TEST-04031,8.16
TEST-04032,4.7
