column,type,source,description,known_at_forecast_time
record_id,string,trips,Unique row identifier,Yes
zone,string,trips,Canonical Addis Ababa zone name,Yes
pickup_hour,string,trips,Start of hour (local time EAT UTC+3),Yes
trips,integer,trips,Target: Number of trip requests in zone-hour,No (Train target only)
temp_c,float,weather,Air temperature in Celsius,Yes (Weather forecast)
rain_mm,float,weather,Rainfall in previous hour (mm),Yes (Weather forecast)
humidity_pct,float,weather,Relative humidity (%),Yes (Weather forecast)
wind_kmh,float,weather,Wind speed (km/h),Yes (Weather forecast)
is_event_active,integer,events,Flag indicating active event in zone-hour,Yes (Event calendar)
event_type,string,events,Categorical event classification,Yes (Event calendar)
event_name,string,events,Specific event title/name,Yes (Event calendar)
